-- MySQL dump 10.13  Distrib 8.0.42, for Win64 (x86_64)
--
-- Host: localhost    Database: polyclinicdb
-- ------------------------------------------------------
-- Server version	9.3.0

/*!40101 SET @OLD_CHARACTER_SET_CLIENT=@@CHARACTER_SET_CLIENT */;
/*!40101 SET @OLD_CHARACTER_SET_RESULTS=@@CHARACTER_SET_RESULTS */;
/*!40101 SET @OLD_COLLATION_CONNECTION=@@COLLATION_CONNECTION */;
/*!50503 SET NAMES utf8 */;
/*!40103 SET @OLD_TIME_ZONE=@@TIME_ZONE */;
/*!40103 SET TIME_ZONE='+00:00' */;
/*!40014 SET @OLD_UNIQUE_CHECKS=@@UNIQUE_CHECKS, UNIQUE_CHECKS=0 */;
/*!40014 SET @OLD_FOREIGN_KEY_CHECKS=@@FOREIGN_KEY_CHECKS, FOREIGN_KEY_CHECKS=0 */;
/*!40101 SET @OLD_SQL_MODE=@@SQL_MODE, SQL_MODE='NO_AUTO_VALUE_ON_ZERO' */;
/*!40111 SET @OLD_SQL_NOTES=@@SQL_NOTES, SQL_NOTES=0 */;

--
-- Table structure for table `appointments`
--

DROP TABLE IF EXISTS `appointments`;
/*!40101 SET @saved_cs_client     = @@character_set_client */;
/*!50503 SET character_set_client = utf8mb4 */;
CREATE TABLE `appointments` (
  `id` int NOT NULL AUTO_INCREMENT,
  `patient_id` int NOT NULL,
  `doctor_id` int NOT NULL,
  `payment_id` int DEFAULT NULL,
  `scheduled_at` datetime NOT NULL COMMENT 'Thời điểm hẹn khám',
  `status` enum('PENDING','CONFIRMED','IN_PROGRESS','COMPLETED','CANCELLED','NO_SHOW') NOT NULL DEFAULT 'PENDING',
  `symptoms` varchar(500) CHARACTER SET utf8mb3 COLLATE utf8mb3_general_ci DEFAULT NULL COMMENT 'Triệu chứng bệnh nhân mô tả',
  `meeting_url` varchar(500) DEFAULT NULL COMMENT 'Link video call (Zoom, Google Meet...)',
  `cancel_reason` varchar(500) CHARACTER SET utf8mb3 COLLATE utf8mb3_general_ci DEFAULT NULL,
  `cancelled_by` enum('ROLE_PATIENT','ROLE_DOCTOR','ROLE_ADMIN') DEFAULT NULL,
  `ngay_tao` datetime NOT NULL,
  PRIMARY KEY (`id`),
  KEY `fk_appt_patient` (`patient_id`),
  KEY `fk_appt_doctor` (`doctor_id`),
  KEY `fk_appt_payment` (`payment_id`),
  CONSTRAINT `fk_appt_doctor` FOREIGN KEY (`doctor_id`) REFERENCES `doctors` (`id`) ON DELETE RESTRICT,
  CONSTRAINT `fk_appt_patient` FOREIGN KEY (`patient_id`) REFERENCES `patients` (`id`) ON DELETE RESTRICT,
  CONSTRAINT `fk_appt_payment` FOREIGN KEY (`payment_id`) REFERENCES `payments` (`id`) ON DELETE SET NULL
) ENGINE=InnoDB AUTO_INCREMENT=51 DEFAULT CHARSET=utf8mb4 COLLATE=utf8mb4_0900_ai_ci;
/*!40101 SET character_set_client = @saved_cs_client */;

--
-- Dumping data for table `appointments`
--

LOCK TABLES `appointments` WRITE;
/*!40000 ALTER TABLE `appointments` DISABLE KEYS */;
INSERT INTO `appointments` VALUES (31,23,3,21,'2026-05-30 19:00:00','CONFIRMED',NULL,'https://meet.google.com/nmo-wyof-wyi',NULL,NULL,'2026-05-30 12:23:38'),(32,3,1,22,'2026-06-03 09:00:00','CONFIRMED',NULL,'https://meet.google.com/upw-evvo-tfo',NULL,NULL,'2026-05-30 18:06:14'),(33,4,1,NULL,'2026-05-27 09:00:00','COMPLETED','Đau đầu, sốt 38.5°C, mệt mỏi',NULL,NULL,NULL,'2026-05-27 07:00:00'),(34,5,3,NULL,'2026-05-28 10:00:00','COMPLETED','Ho có đờm, đau họng 3 ngày, nuốt đau',NULL,NULL,NULL,'2026-05-28 08:00:00'),(35,23,2,NULL,'2026-05-29 14:00:00','COMPLETED','Nổi mẩn đỏ toàn thân, ngứa, khó chịu',NULL,NULL,NULL,'2026-05-29 12:00:00'),(36,3,4,NULL,'2026-05-30 08:00:00','COMPLETED','Đau thượng vị, buồn nôn, ợ chua sau ăn',NULL,NULL,NULL,'2026-05-30 07:00:00'),(37,6,25,23,'2026-06-03 09:00:00','CONFIRMED',NULL,'https://meet.google.com/jye-rtrv-czy',NULL,NULL,'2026-05-31 14:24:35'),(38,6,18,24,'2026-06-04 10:00:00','CONFIRMED',NULL,'https://meet.google.com/hdm-dcsk-car',NULL,NULL,'2026-05-31 14:25:05'),(39,28,26,26,'2026-06-04 10:00:00','CONFIRMED',NULL,'https://meet.google.com/wzk-uedg-ssj',NULL,NULL,'2026-05-31 14:55:53'),(40,28,15,28,'2026-06-02 11:00:00','CONFIRMED',NULL,'https://meet.google.com/vua-rhth-qyt',NULL,NULL,'2026-05-31 14:59:39'),(41,28,4,33,'2026-06-02 09:00:00','CONFIRMED',NULL,'https://meet.google.com/uhi-wbnf-xod',NULL,NULL,'2026-05-31 15:06:29'),(42,28,17,35,'2026-06-04 09:00:00','COMPLETED',NULL,'https://meet.google.com/xqy-fmzq-dpb',NULL,NULL,'2026-05-31 15:17:13'),(43,28,15,NULL,'2026-06-04 11:00:00','PENDING',NULL,NULL,NULL,NULL,'2026-05-31 15:20:49'),(44,5,17,36,'2026-06-04 13:00:00','CONFIRMED',NULL,'https://meet.google.com/eja-avjj-ntf',NULL,NULL,'2026-05-31 15:23:28'),(45,5,18,37,'2026-06-04 11:00:00','CONFIRMED',NULL,'https://meet.google.com/qed-sqwq-jpi',NULL,NULL,'2026-05-31 15:29:43'),(46,5,14,38,'2026-06-04 10:00:00','CONFIRMED',NULL,'https://meet.google.com/nok-kyyt-zih',NULL,NULL,'2026-05-31 15:40:12'),(47,3,13,39,'2026-06-03 10:00:00','CONFIRMED',NULL,'https://meet.google.com/yoi-szoc-kof',NULL,NULL,'2026-05-31 16:11:26'),(48,3,8,40,'2026-06-04 11:00:00','CONFIRMED',NULL,'https://meet.google.com/tnb-gbtd-vqm',NULL,NULL,'2026-05-31 16:43:53'),(49,3,3,41,'2026-06-04 15:00:00','CONFIRMED',NULL,'https://meet.google.com/zzp-pjnh-uuo',NULL,NULL,'2026-05-31 16:49:17'),(50,3,18,42,'2026-06-04 08:00:00','CONFIRMED',NULL,'https://meet.google.com/rmy-nkzw-efx',NULL,NULL,'2026-05-31 16:55:56');
/*!40000 ALTER TABLE `appointments` ENABLE KEYS */;
UNLOCK TABLES;

--
-- Table structure for table `doctor_schedules`
--

DROP TABLE IF EXISTS `doctor_schedules`;
/*!40101 SET @saved_cs_client     = @@character_set_client */;
/*!50503 SET character_set_client = utf8mb4 */;
CREATE TABLE `doctor_schedules` (
  `id` int NOT NULL AUTO_INCREMENT,
  `doctor_id` int NOT NULL,
  `start_time` datetime NOT NULL,
  `end_time` datetime NOT NULL,
  `is_active` tinyint(1) NOT NULL DEFAULT '1',
  PRIMARY KEY (`id`),
  KEY `fk_schedule_doctor` (`doctor_id`),
  CONSTRAINT `fk_schedule_doctor` FOREIGN KEY (`doctor_id`) REFERENCES `doctors` (`id`) ON DELETE CASCADE
) ENGINE=InnoDB AUTO_INCREMENT=979 DEFAULT CHARSET=utf8mb4 COLLATE=utf8mb4_0900_ai_ci;
/*!40101 SET character_set_client = @saved_cs_client */;

--
-- Dumping data for table `doctor_schedules`
--

LOCK TABLES `doctor_schedules` WRITE;
/*!40000 ALTER TABLE `doctor_schedules` DISABLE KEYS */;
INSERT INTO `doctor_schedules` VALUES (18,1,'2026-06-01 08:00:00','2026-06-01 09:00:00',0),(19,1,'2026-06-01 09:00:00','2026-06-01 10:00:00',0),(20,1,'2026-06-01 10:00:00','2026-06-01 11:00:00',1),(21,1,'2026-06-01 11:00:00','2026-06-01 12:00:00',1),(22,1,'2026-06-01 13:00:00','2026-06-01 14:00:00',1),(23,1,'2026-06-01 14:00:00','2026-06-01 15:00:00',1),(24,1,'2026-06-01 15:00:00','2026-06-01 16:00:00',1),(25,1,'2026-06-01 16:00:00','2026-06-01 17:00:00',1),(26,2,'2026-06-01 08:00:00','2026-06-01 09:00:00',1),(27,2,'2026-06-01 09:00:00','2026-06-01 10:00:00',1),(28,2,'2026-06-01 10:00:00','2026-06-01 11:00:00',1),(29,2,'2026-06-01 11:00:00','2026-06-01 12:00:00',1),(30,2,'2026-06-01 13:00:00','2026-06-01 14:00:00',1),(31,2,'2026-06-01 14:00:00','2026-06-01 15:00:00',1),(32,2,'2026-06-01 15:00:00','2026-06-01 16:00:00',1),(33,2,'2026-06-01 16:00:00','2026-06-01 17:00:00',1),(34,3,'2026-06-01 08:00:00','2026-06-01 09:00:00',0),(35,3,'2026-06-01 09:00:00','2026-06-01 10:00:00',1),(36,3,'2026-06-01 10:00:00','2026-06-01 11:00:00',1),(37,3,'2026-06-01 11:00:00','2026-06-01 12:00:00',1),(38,3,'2026-06-01 13:00:00','2026-06-01 14:00:00',1),(39,3,'2026-06-01 14:00:00','2026-06-01 15:00:00',1),(40,3,'2026-06-01 15:00:00','2026-06-01 16:00:00',1),(41,3,'2026-06-01 16:00:00','2026-06-01 17:00:00',1),(42,4,'2026-06-01 08:00:00','2026-06-01 09:00:00',1),(43,4,'2026-06-01 09:00:00','2026-06-01 10:00:00',1),(44,4,'2026-06-01 10:00:00','2026-06-01 11:00:00',1),(45,4,'2026-06-01 11:00:00','2026-06-01 12:00:00',1),(46,4,'2026-06-01 13:00:00','2026-06-01 14:00:00',1),(47,4,'2026-06-01 14:00:00','2026-06-01 15:00:00',1),(48,4,'2026-06-01 15:00:00','2026-06-01 16:00:00',1),(49,4,'2026-06-01 16:00:00','2026-06-01 17:00:00',1),(50,5,'2026-06-01 08:00:00','2026-06-01 09:00:00',1),(51,5,'2026-06-01 09:00:00','2026-06-01 10:00:00',1),(52,5,'2026-06-01 10:00:00','2026-06-01 11:00:00',1),(53,5,'2026-06-01 11:00:00','2026-06-01 12:00:00',1),(54,5,'2026-06-01 13:00:00','2026-06-01 14:00:00',1),(55,5,'2026-06-01 14:00:00','2026-06-01 15:00:00',1),(56,5,'2026-06-01 15:00:00','2026-06-01 16:00:00',1),(57,5,'2026-06-01 16:00:00','2026-06-01 17:00:00',1),(58,6,'2026-06-01 08:00:00','2026-06-01 09:00:00',1),(59,6,'2026-06-01 09:00:00','2026-06-01 10:00:00',1),(60,6,'2026-06-01 10:00:00','2026-06-01 11:00:00',1),(61,6,'2026-06-01 11:00:00','2026-06-01 12:00:00',1),(62,6,'2026-06-01 13:00:00','2026-06-01 14:00:00',1),(63,6,'2026-06-01 14:00:00','2026-06-01 15:00:00',1),(64,6,'2026-06-01 15:00:00','2026-06-01 16:00:00',1),(65,6,'2026-06-01 16:00:00','2026-06-01 17:00:00',1),(66,7,'2026-06-01 08:00:00','2026-06-01 09:00:00',1),(67,7,'2026-06-01 09:00:00','2026-06-01 10:00:00',1),(68,7,'2026-06-01 10:00:00','2026-06-01 11:00:00',1),(69,7,'2026-06-01 11:00:00','2026-06-01 12:00:00',1),(70,7,'2026-06-01 13:00:00','2026-06-01 14:00:00',1),(71,7,'2026-06-01 14:00:00','2026-06-01 15:00:00',1),(72,7,'2026-06-01 15:00:00','2026-06-01 16:00:00',1),(73,7,'2026-06-01 16:00:00','2026-06-01 17:00:00',1),(74,8,'2026-06-01 08:00:00','2026-06-01 09:00:00',0),(75,8,'2026-06-01 09:00:00','2026-06-01 10:00:00',1),(76,8,'2026-06-01 10:00:00','2026-06-01 11:00:00',1),(77,8,'2026-06-01 11:00:00','2026-06-01 12:00:00',1),(78,8,'2026-06-01 13:00:00','2026-06-01 14:00:00',1),(79,8,'2026-06-01 14:00:00','2026-06-01 15:00:00',1),(80,8,'2026-06-01 15:00:00','2026-06-01 16:00:00',1),(81,8,'2026-06-01 16:00:00','2026-06-01 17:00:00',1),(82,9,'2026-06-01 08:00:00','2026-06-01 09:00:00',1),(83,9,'2026-06-01 09:00:00','2026-06-01 10:00:00',1),(84,9,'2026-06-01 10:00:00','2026-06-01 11:00:00',1),(85,9,'2026-06-01 11:00:00','2026-06-01 12:00:00',1),(86,9,'2026-06-01 13:00:00','2026-06-01 14:00:00',1),(87,9,'2026-06-01 14:00:00','2026-06-01 15:00:00',1),(88,9,'2026-06-01 15:00:00','2026-06-01 16:00:00',1),(89,9,'2026-06-01 16:00:00','2026-06-01 17:00:00',1),(91,10,'2026-06-01 09:00:00','2026-06-01 10:00:00',1),(93,10,'2026-06-01 11:00:00','2026-06-01 12:00:00',1),(95,10,'2026-06-01 14:00:00','2026-06-01 15:00:00',1),(96,10,'2026-06-01 15:00:00','2026-06-01 16:00:00',1),(97,10,'2026-06-01 16:00:00','2026-06-01 17:00:00',1),(98,11,'2026-06-01 08:00:00','2026-06-01 09:00:00',0),(99,11,'2026-06-01 09:00:00','2026-06-01 10:00:00',1),(100,11,'2026-06-01 10:00:00','2026-06-01 11:00:00',1),(101,11,'2026-06-01 11:00:00','2026-06-01 12:00:00',1),(102,11,'2026-06-01 13:00:00','2026-06-01 14:00:00',1),(103,11,'2026-06-01 14:00:00','2026-06-01 15:00:00',1),(104,11,'2026-06-01 15:00:00','2026-06-01 16:00:00',1),(105,11,'2026-06-01 16:00:00','2026-06-01 17:00:00',1),(106,12,'2026-06-01 08:00:00','2026-06-01 09:00:00',1),(107,12,'2026-06-01 09:00:00','2026-06-01 10:00:00',1),(108,12,'2026-06-01 10:00:00','2026-06-01 11:00:00',1),(109,12,'2026-06-01 11:00:00','2026-06-01 12:00:00',1),(110,12,'2026-06-01 13:00:00','2026-06-01 14:00:00',1),(111,12,'2026-06-01 14:00:00','2026-06-01 15:00:00',1),(112,12,'2026-06-01 15:00:00','2026-06-01 16:00:00',1),(113,12,'2026-06-01 16:00:00','2026-06-01 17:00:00',1),(114,13,'2026-06-01 08:00:00','2026-06-01 09:00:00',1),(115,13,'2026-06-01 09:00:00','2026-06-01 10:00:00',1),(116,13,'2026-06-01 10:00:00','2026-06-01 11:00:00',1),(117,13,'2026-06-01 11:00:00','2026-06-01 12:00:00',1),(118,13,'2026-06-01 13:00:00','2026-06-01 14:00:00',1),(119,13,'2026-06-01 14:00:00','2026-06-01 15:00:00',1),(120,13,'2026-06-01 15:00:00','2026-06-01 16:00:00',1),(121,13,'2026-06-01 16:00:00','2026-06-01 17:00:00',1),(122,14,'2026-06-01 08:00:00','2026-06-01 09:00:00',1),(123,14,'2026-06-01 09:00:00','2026-06-01 10:00:00',1),(124,14,'2026-06-01 10:00:00','2026-06-01 11:00:00',1),(125,14,'2026-06-01 11:00:00','2026-06-01 12:00:00',1),(126,14,'2026-06-01 13:00:00','2026-06-01 14:00:00',1),(127,14,'2026-06-01 14:00:00','2026-06-01 15:00:00',1),(128,14,'2026-06-01 15:00:00','2026-06-01 16:00:00',1),(129,14,'2026-06-01 16:00:00','2026-06-01 17:00:00',1),(130,15,'2026-06-01 08:00:00','2026-06-01 09:00:00',1),(131,15,'2026-06-01 09:00:00','2026-06-01 10:00:00',1),(132,15,'2026-06-01 10:00:00','2026-06-01 11:00:00',1),(133,15,'2026-06-01 11:00:00','2026-06-01 12:00:00',1),(134,15,'2026-06-01 13:00:00','2026-06-01 14:00:00',1),(135,15,'2026-06-01 14:00:00','2026-06-01 15:00:00',1),(136,15,'2026-06-01 15:00:00','2026-06-01 16:00:00',1),(137,15,'2026-06-01 16:00:00','2026-06-01 17:00:00',1),(138,16,'2026-06-01 08:00:00','2026-06-01 09:00:00',1),(139,16,'2026-06-01 09:00:00','2026-06-01 10:00:00',1),(140,16,'2026-06-01 10:00:00','2026-06-01 11:00:00',1),(141,16,'2026-06-01 11:00:00','2026-06-01 12:00:00',1),(142,16,'2026-06-01 13:00:00','2026-06-01 14:00:00',1),(143,16,'2026-06-01 14:00:00','2026-06-01 15:00:00',1),(144,16,'2026-06-01 15:00:00','2026-06-01 16:00:00',1),(145,16,'2026-06-01 16:00:00','2026-06-01 17:00:00',1),(146,17,'2026-06-01 08:00:00','2026-06-01 09:00:00',1),(147,17,'2026-06-01 09:00:00','2026-06-01 10:00:00',1),(148,17,'2026-06-01 10:00:00','2026-06-01 11:00:00',1),(149,17,'2026-06-01 11:00:00','2026-06-01 12:00:00',1),(150,17,'2026-06-01 13:00:00','2026-06-01 14:00:00',1),(151,17,'2026-06-01 14:00:00','2026-06-01 15:00:00',1),(152,17,'2026-06-01 15:00:00','2026-06-01 16:00:00',1),(153,17,'2026-06-01 16:00:00','2026-06-01 17:00:00',1),(154,18,'2026-06-01 08:00:00','2026-06-01 09:00:00',1),(155,18,'2026-06-01 09:00:00','2026-06-01 10:00:00',1),(156,18,'2026-06-01 10:00:00','2026-06-01 11:00:00',1),(157,18,'2026-06-01 11:00:00','2026-06-01 12:00:00',1),(158,18,'2026-06-01 13:00:00','2026-06-01 14:00:00',1),(159,18,'2026-06-01 14:00:00','2026-06-01 15:00:00',1),(160,18,'2026-06-01 15:00:00','2026-06-01 16:00:00',1),(161,18,'2026-06-01 16:00:00','2026-06-01 17:00:00',1),(162,19,'2026-06-01 08:00:00','2026-06-01 09:00:00',1),(163,19,'2026-06-01 09:00:00','2026-06-01 10:00:00',1),(164,19,'2026-06-01 10:00:00','2026-06-01 11:00:00',1),(165,19,'2026-06-01 11:00:00','2026-06-01 12:00:00',1),(166,19,'2026-06-01 13:00:00','2026-06-01 14:00:00',1),(167,19,'2026-06-01 14:00:00','2026-06-01 15:00:00',1),(168,19,'2026-06-01 15:00:00','2026-06-01 16:00:00',1),(169,19,'2026-06-01 16:00:00','2026-06-01 17:00:00',1),(170,20,'2026-06-01 08:00:00','2026-06-01 09:00:00',1),(171,20,'2026-06-01 09:00:00','2026-06-01 10:00:00',1),(172,20,'2026-06-01 10:00:00','2026-06-01 11:00:00',1),(173,20,'2026-06-01 11:00:00','2026-06-01 12:00:00',1),(174,20,'2026-06-01 13:00:00','2026-06-01 14:00:00',1),(175,20,'2026-06-01 14:00:00','2026-06-01 15:00:00',1),(176,20,'2026-06-01 15:00:00','2026-06-01 16:00:00',1),(177,20,'2026-06-01 16:00:00','2026-06-01 17:00:00',1),(178,21,'2026-06-01 08:00:00','2026-06-01 09:00:00',1),(179,21,'2026-06-01 09:00:00','2026-06-01 10:00:00',1),(180,21,'2026-06-01 10:00:00','2026-06-01 11:00:00',1),(181,21,'2026-06-01 11:00:00','2026-06-01 12:00:00',1),(182,21,'2026-06-01 13:00:00','2026-06-01 14:00:00',1),(183,21,'2026-06-01 14:00:00','2026-06-01 15:00:00',1),(184,21,'2026-06-01 15:00:00','2026-06-01 16:00:00',1),(185,21,'2026-06-01 16:00:00','2026-06-01 17:00:00',1),(186,22,'2026-06-01 08:00:00','2026-06-01 09:00:00',1),(187,22,'2026-06-01 09:00:00','2026-06-01 10:00:00',1),(188,22,'2026-06-01 10:00:00','2026-06-01 11:00:00',1),(189,22,'2026-06-01 11:00:00','2026-06-01 12:00:00',1),(190,22,'2026-06-01 13:00:00','2026-06-01 14:00:00',1),(191,22,'2026-06-01 14:00:00','2026-06-01 15:00:00',1),(192,22,'2026-06-01 15:00:00','2026-06-01 16:00:00',1),(193,22,'2026-06-01 16:00:00','2026-06-01 17:00:00',1),(194,23,'2026-06-01 08:00:00','2026-06-01 09:00:00',1),(195,23,'2026-06-01 09:00:00','2026-06-01 10:00:00',1),(196,23,'2026-06-01 10:00:00','2026-06-01 11:00:00',1),(197,23,'2026-06-01 11:00:00','2026-06-01 12:00:00',1),(198,23,'2026-06-01 13:00:00','2026-06-01 14:00:00',1),(199,23,'2026-06-01 14:00:00','2026-06-01 15:00:00',1),(200,23,'2026-06-01 15:00:00','2026-06-01 16:00:00',1),(201,23,'2026-06-01 16:00:00','2026-06-01 17:00:00',1),(202,24,'2026-06-01 08:00:00','2026-06-01 09:00:00',1),(203,24,'2026-06-01 09:00:00','2026-06-01 10:00:00',1),(204,24,'2026-06-01 10:00:00','2026-06-01 11:00:00',1),(205,24,'2026-06-01 11:00:00','2026-06-01 12:00:00',1),(206,24,'2026-06-01 13:00:00','2026-06-01 14:00:00',1),(207,24,'2026-06-01 14:00:00','2026-06-01 15:00:00',1),(208,24,'2026-06-01 15:00:00','2026-06-01 16:00:00',1),(209,24,'2026-06-01 16:00:00','2026-06-01 17:00:00',1),(210,25,'2026-06-01 08:00:00','2026-06-01 09:00:00',0),(211,25,'2026-06-01 09:00:00','2026-06-01 10:00:00',1),(212,25,'2026-06-01 10:00:00','2026-06-01 11:00:00',1),(213,25,'2026-06-01 11:00:00','2026-06-01 12:00:00',1),(214,25,'2026-06-01 13:00:00','2026-06-01 14:00:00',1),(215,25,'2026-06-01 14:00:00','2026-06-01 15:00:00',1),(216,25,'2026-06-01 15:00:00','2026-06-01 16:00:00',1),(217,25,'2026-06-01 16:00:00','2026-06-01 17:00:00',1),(218,26,'2026-06-01 08:00:00','2026-06-01 09:00:00',1),(219,26,'2026-06-01 09:00:00','2026-06-01 10:00:00',1),(220,26,'2026-06-01 10:00:00','2026-06-01 11:00:00',1),(221,26,'2026-06-01 11:00:00','2026-06-01 12:00:00',1),(222,26,'2026-06-01 13:00:00','2026-06-01 14:00:00',1),(223,26,'2026-06-01 14:00:00','2026-06-01 15:00:00',1),(224,26,'2026-06-01 15:00:00','2026-06-01 16:00:00',1),(225,26,'2026-06-01 16:00:00','2026-06-01 17:00:00',1),(226,27,'2026-06-01 08:00:00','2026-06-01 09:00:00',1),(227,27,'2026-06-01 09:00:00','2026-06-01 10:00:00',1),(228,27,'2026-06-01 10:00:00','2026-06-01 11:00:00',1),(229,27,'2026-06-01 11:00:00','2026-06-01 12:00:00',1),(230,27,'2026-06-01 13:00:00','2026-06-01 14:00:00',1),(231,27,'2026-06-01 14:00:00','2026-06-01 15:00:00',1),(232,27,'2026-06-01 15:00:00','2026-06-01 16:00:00',1),(233,27,'2026-06-01 16:00:00','2026-06-01 17:00:00',1),(234,28,'2026-06-01 08:00:00','2026-06-01 09:00:00',1),(235,28,'2026-06-01 09:00:00','2026-06-01 10:00:00',1),(236,28,'2026-06-01 10:00:00','2026-06-01 11:00:00',1),(237,28,'2026-06-01 11:00:00','2026-06-01 12:00:00',1),(238,28,'2026-06-01 13:00:00','2026-06-01 14:00:00',1),(239,28,'2026-06-01 14:00:00','2026-06-01 15:00:00',1),(240,28,'2026-06-01 15:00:00','2026-06-01 16:00:00',1),(241,28,'2026-06-01 16:00:00','2026-06-01 17:00:00',1),(242,29,'2026-06-01 08:00:00','2026-06-01 09:00:00',1),(243,29,'2026-06-01 09:00:00','2026-06-01 10:00:00',1),(244,29,'2026-06-01 10:00:00','2026-06-01 11:00:00',1),(245,29,'2026-06-01 11:00:00','2026-06-01 12:00:00',1),(246,29,'2026-06-01 13:00:00','2026-06-01 14:00:00',1),(247,29,'2026-06-01 14:00:00','2026-06-01 15:00:00',1),(248,29,'2026-06-01 15:00:00','2026-06-01 16:00:00',1),(249,29,'2026-06-01 16:00:00','2026-06-01 17:00:00',1),(250,30,'2026-06-01 08:00:00','2026-06-01 09:00:00',1),(251,30,'2026-06-01 09:00:00','2026-06-01 10:00:00',1),(252,30,'2026-06-01 10:00:00','2026-06-01 11:00:00',1),(253,30,'2026-06-01 11:00:00','2026-06-01 12:00:00',1),(254,30,'2026-06-01 13:00:00','2026-06-01 14:00:00',1),(255,30,'2026-06-01 14:00:00','2026-06-01 15:00:00',1),(256,30,'2026-06-01 15:00:00','2026-06-01 16:00:00',1),(257,30,'2026-06-01 16:00:00','2026-06-01 17:00:00',1),(258,1,'2026-06-02 08:00:00','2026-06-02 09:00:00',1),(259,1,'2026-06-02 09:00:00','2026-06-02 10:00:00',1),(260,1,'2026-06-02 10:00:00','2026-06-02 11:00:00',1),(261,1,'2026-06-02 11:00:00','2026-06-02 12:00:00',1),(262,1,'2026-06-02 13:00:00','2026-06-02 14:00:00',1),(263,1,'2026-06-02 14:00:00','2026-06-02 15:00:00',1),(264,1,'2026-06-02 15:00:00','2026-06-02 16:00:00',1),(265,1,'2026-06-02 16:00:00','2026-06-02 17:00:00',1),(266,2,'2026-06-02 08:00:00','2026-06-02 09:00:00',1),(267,2,'2026-06-02 09:00:00','2026-06-02 10:00:00',0),(268,2,'2026-06-02 10:00:00','2026-06-02 11:00:00',1),(269,2,'2026-06-02 11:00:00','2026-06-02 12:00:00',1),(270,2,'2026-06-02 13:00:00','2026-06-02 14:00:00',1),(271,2,'2026-06-02 14:00:00','2026-06-02 15:00:00',1),(272,2,'2026-06-02 15:00:00','2026-06-02 16:00:00',1),(273,2,'2026-06-02 16:00:00','2026-06-02 17:00:00',1),(274,3,'2026-06-02 08:00:00','2026-06-02 09:00:00',1),(275,3,'2026-06-02 09:00:00','2026-06-02 10:00:00',1),(276,3,'2026-06-02 10:00:00','2026-06-02 11:00:00',1),(277,3,'2026-06-02 11:00:00','2026-06-02 12:00:00',1),(278,3,'2026-06-02 13:00:00','2026-06-02 14:00:00',1),(279,3,'2026-06-02 14:00:00','2026-06-02 15:00:00',1),(280,3,'2026-06-02 15:00:00','2026-06-02 16:00:00',1),(281,3,'2026-06-02 16:00:00','2026-06-02 17:00:00',1),(282,4,'2026-06-02 08:00:00','2026-06-02 09:00:00',1),(283,4,'2026-06-02 09:00:00','2026-06-02 10:00:00',0),(284,4,'2026-06-02 10:00:00','2026-06-02 11:00:00',1),(285,4,'2026-06-02 11:00:00','2026-06-02 12:00:00',1),(286,4,'2026-06-02 13:00:00','2026-06-02 14:00:00',1),(287,4,'2026-06-02 14:00:00','2026-06-02 15:00:00',1),(288,4,'2026-06-02 15:00:00','2026-06-02 16:00:00',1),(289,4,'2026-06-02 16:00:00','2026-06-02 17:00:00',1),(290,5,'2026-06-02 08:00:00','2026-06-02 09:00:00',1),(291,5,'2026-06-02 09:00:00','2026-06-02 10:00:00',1),(292,5,'2026-06-02 10:00:00','2026-06-02 11:00:00',1),(293,5,'2026-06-02 11:00:00','2026-06-02 12:00:00',1),(294,5,'2026-06-02 13:00:00','2026-06-02 14:00:00',1),(295,5,'2026-06-02 14:00:00','2026-06-02 15:00:00',1),(296,5,'2026-06-02 15:00:00','2026-06-02 16:00:00',1),(297,5,'2026-06-02 16:00:00','2026-06-02 17:00:00',1),(298,6,'2026-06-02 08:00:00','2026-06-02 09:00:00',1),(299,6,'2026-06-02 09:00:00','2026-06-02 10:00:00',1),(300,6,'2026-06-02 10:00:00','2026-06-02 11:00:00',1),(301,6,'2026-06-02 11:00:00','2026-06-02 12:00:00',1),(302,6,'2026-06-02 13:00:00','2026-06-02 14:00:00',1),(303,6,'2026-06-02 14:00:00','2026-06-02 15:00:00',1),(304,6,'2026-06-02 15:00:00','2026-06-02 16:00:00',1),(305,6,'2026-06-02 16:00:00','2026-06-02 17:00:00',1),(306,7,'2026-06-02 08:00:00','2026-06-02 09:00:00',0),(307,7,'2026-06-02 09:00:00','2026-06-02 10:00:00',1),(308,7,'2026-06-02 10:00:00','2026-06-02 11:00:00',1),(309,7,'2026-06-02 11:00:00','2026-06-02 12:00:00',1),(310,7,'2026-06-02 13:00:00','2026-06-02 14:00:00',1),(311,7,'2026-06-02 14:00:00','2026-06-02 15:00:00',1),(312,7,'2026-06-02 15:00:00','2026-06-02 16:00:00',1),(313,7,'2026-06-02 16:00:00','2026-06-02 17:00:00',1),(314,8,'2026-06-02 08:00:00','2026-06-02 09:00:00',1),(315,8,'2026-06-02 09:00:00','2026-06-02 10:00:00',1),(316,8,'2026-06-02 10:00:00','2026-06-02 11:00:00',1),(317,8,'2026-06-02 11:00:00','2026-06-02 12:00:00',1),(318,8,'2026-06-02 13:00:00','2026-06-02 14:00:00',1),(319,8,'2026-06-02 14:00:00','2026-06-02 15:00:00',1),(320,8,'2026-06-02 15:00:00','2026-06-02 16:00:00',1),(321,8,'2026-06-02 16:00:00','2026-06-02 17:00:00',1),(322,9,'2026-06-02 08:00:00','2026-06-02 09:00:00',1),(323,9,'2026-06-02 09:00:00','2026-06-02 10:00:00',1),(324,9,'2026-06-02 10:00:00','2026-06-02 11:00:00',1),(325,9,'2026-06-02 11:00:00','2026-06-02 12:00:00',1),(326,9,'2026-06-02 13:00:00','2026-06-02 14:00:00',1),(327,9,'2026-06-02 14:00:00','2026-06-02 15:00:00',1),(328,9,'2026-06-02 15:00:00','2026-06-02 16:00:00',1),(329,9,'2026-06-02 16:00:00','2026-06-02 17:00:00',1),(330,10,'2026-06-02 08:00:00','2026-06-02 09:00:00',1),(331,10,'2026-06-02 09:00:00','2026-06-02 10:00:00',0),(332,10,'2026-06-02 10:00:00','2026-06-02 11:00:00',1),(333,10,'2026-06-02 11:00:00','2026-06-02 12:00:00',1),(334,10,'2026-06-02 13:00:00','2026-06-02 14:00:00',1),(335,10,'2026-06-02 14:00:00','2026-06-02 15:00:00',1),(336,10,'2026-06-02 15:00:00','2026-06-02 16:00:00',1),(337,10,'2026-06-02 16:00:00','2026-06-02 17:00:00',1),(338,11,'2026-06-02 08:00:00','2026-06-02 09:00:00',1),(339,11,'2026-06-02 09:00:00','2026-06-02 10:00:00',1),(340,11,'2026-06-02 10:00:00','2026-06-02 11:00:00',1),(341,11,'2026-06-02 11:00:00','2026-06-02 12:00:00',1),(342,11,'2026-06-02 13:00:00','2026-06-02 14:00:00',1),(343,11,'2026-06-02 14:00:00','2026-06-02 15:00:00',1),(344,11,'2026-06-02 15:00:00','2026-06-02 16:00:00',1),(345,11,'2026-06-02 16:00:00','2026-06-02 17:00:00',1),(346,12,'2026-06-02 08:00:00','2026-06-02 09:00:00',1),(347,12,'2026-06-02 09:00:00','2026-06-02 10:00:00',1),(348,12,'2026-06-02 10:00:00','2026-06-02 11:00:00',1),(349,12,'2026-06-02 11:00:00','2026-06-02 12:00:00',1),(350,12,'2026-06-02 13:00:00','2026-06-02 14:00:00',1),(351,12,'2026-06-02 14:00:00','2026-06-02 15:00:00',1),(352,12,'2026-06-02 15:00:00','2026-06-02 16:00:00',1),(353,12,'2026-06-02 16:00:00','2026-06-02 17:00:00',1),(354,13,'2026-06-02 08:00:00','2026-06-02 09:00:00',1),(355,13,'2026-06-02 09:00:00','2026-06-02 10:00:00',1),(356,13,'2026-06-02 10:00:00','2026-06-02 11:00:00',1),(357,13,'2026-06-02 11:00:00','2026-06-02 12:00:00',1),(358,13,'2026-06-02 13:00:00','2026-06-02 14:00:00',1),(359,13,'2026-06-02 14:00:00','2026-06-02 15:00:00',1),(360,13,'2026-06-02 15:00:00','2026-06-02 16:00:00',1),(361,13,'2026-06-02 16:00:00','2026-06-02 17:00:00',1),(362,14,'2026-06-02 08:00:00','2026-06-02 09:00:00',1),(363,14,'2026-06-02 09:00:00','2026-06-02 10:00:00',1),(364,14,'2026-06-02 10:00:00','2026-06-02 11:00:00',1),(365,14,'2026-06-02 11:00:00','2026-06-02 12:00:00',1),(366,14,'2026-06-02 13:00:00','2026-06-02 14:00:00',1),(367,14,'2026-06-02 14:00:00','2026-06-02 15:00:00',1),(368,14,'2026-06-02 15:00:00','2026-06-02 16:00:00',1),(369,14,'2026-06-02 16:00:00','2026-06-02 17:00:00',1),(370,15,'2026-06-02 08:00:00','2026-06-02 09:00:00',1),(371,15,'2026-06-02 09:00:00','2026-06-02 10:00:00',1),(372,15,'2026-06-02 10:00:00','2026-06-02 11:00:00',1),(373,15,'2026-06-02 11:00:00','2026-06-02 12:00:00',0),(374,15,'2026-06-02 13:00:00','2026-06-02 14:00:00',1),(375,15,'2026-06-02 14:00:00','2026-06-02 15:00:00',1),(376,15,'2026-06-02 15:00:00','2026-06-02 16:00:00',1),(377,15,'2026-06-02 16:00:00','2026-06-02 17:00:00',1),(378,16,'2026-06-02 08:00:00','2026-06-02 09:00:00',1),(379,16,'2026-06-02 09:00:00','2026-06-02 10:00:00',1),(380,16,'2026-06-02 10:00:00','2026-06-02 11:00:00',1),(381,16,'2026-06-02 11:00:00','2026-06-02 12:00:00',1),(382,16,'2026-06-02 13:00:00','2026-06-02 14:00:00',1),(383,16,'2026-06-02 14:00:00','2026-06-02 15:00:00',1),(384,16,'2026-06-02 15:00:00','2026-06-02 16:00:00',1),(385,16,'2026-06-02 16:00:00','2026-06-02 17:00:00',1),(386,17,'2026-06-02 08:00:00','2026-06-02 09:00:00',1),(387,17,'2026-06-02 09:00:00','2026-06-02 10:00:00',1),(388,17,'2026-06-02 10:00:00','2026-06-02 11:00:00',1),(389,17,'2026-06-02 11:00:00','2026-06-02 12:00:00',1),(390,17,'2026-06-02 13:00:00','2026-06-02 14:00:00',1),(391,17,'2026-06-02 14:00:00','2026-06-02 15:00:00',1),(392,17,'2026-06-02 15:00:00','2026-06-02 16:00:00',1),(393,17,'2026-06-02 16:00:00','2026-06-02 17:00:00',1),(394,18,'2026-06-02 08:00:00','2026-06-02 09:00:00',1),(395,18,'2026-06-02 09:00:00','2026-06-02 10:00:00',1),(396,18,'2026-06-02 10:00:00','2026-06-02 11:00:00',1),(397,18,'2026-06-02 11:00:00','2026-06-02 12:00:00',1),(398,18,'2026-06-02 13:00:00','2026-06-02 14:00:00',1),(399,18,'2026-06-02 14:00:00','2026-06-02 15:00:00',1),(400,18,'2026-06-02 15:00:00','2026-06-02 16:00:00',1),(401,18,'2026-06-02 16:00:00','2026-06-02 17:00:00',1),(402,19,'2026-06-02 08:00:00','2026-06-02 09:00:00',1),(403,19,'2026-06-02 09:00:00','2026-06-02 10:00:00',1),(404,19,'2026-06-02 10:00:00','2026-06-02 11:00:00',1),(405,19,'2026-06-02 11:00:00','2026-06-02 12:00:00',1),(406,19,'2026-06-02 13:00:00','2026-06-02 14:00:00',1),(407,19,'2026-06-02 14:00:00','2026-06-02 15:00:00',1),(408,19,'2026-06-02 15:00:00','2026-06-02 16:00:00',1),(409,19,'2026-06-02 16:00:00','2026-06-02 17:00:00',1),(410,20,'2026-06-02 08:00:00','2026-06-02 09:00:00',1),(411,20,'2026-06-02 09:00:00','2026-06-02 10:00:00',1),(412,20,'2026-06-02 10:00:00','2026-06-02 11:00:00',1),(413,20,'2026-06-02 11:00:00','2026-06-02 12:00:00',1),(414,20,'2026-06-02 13:00:00','2026-06-02 14:00:00',1),(415,20,'2026-06-02 14:00:00','2026-06-02 15:00:00',1),(416,20,'2026-06-02 15:00:00','2026-06-02 16:00:00',1),(417,20,'2026-06-02 16:00:00','2026-06-02 17:00:00',1),(418,21,'2026-06-02 08:00:00','2026-06-02 09:00:00',1),(419,21,'2026-06-02 09:00:00','2026-06-02 10:00:00',1),(420,21,'2026-06-02 10:00:00','2026-06-02 11:00:00',1),(421,21,'2026-06-02 11:00:00','2026-06-02 12:00:00',1),(422,21,'2026-06-02 13:00:00','2026-06-02 14:00:00',1),(423,21,'2026-06-02 14:00:00','2026-06-02 15:00:00',1),(424,21,'2026-06-02 15:00:00','2026-06-02 16:00:00',1),(425,21,'2026-06-02 16:00:00','2026-06-02 17:00:00',1),(426,22,'2026-06-02 08:00:00','2026-06-02 09:00:00',1),(427,22,'2026-06-02 09:00:00','2026-06-02 10:00:00',1),(428,22,'2026-06-02 10:00:00','2026-06-02 11:00:00',1),(429,22,'2026-06-02 11:00:00','2026-06-02 12:00:00',1),(430,22,'2026-06-02 13:00:00','2026-06-02 14:00:00',1),(431,22,'2026-06-02 14:00:00','2026-06-02 15:00:00',1),(432,22,'2026-06-02 15:00:00','2026-06-02 16:00:00',1),(433,22,'2026-06-02 16:00:00','2026-06-02 17:00:00',1),(434,23,'2026-06-02 08:00:00','2026-06-02 09:00:00',1),(435,23,'2026-06-02 09:00:00','2026-06-02 10:00:00',1),(436,23,'2026-06-02 10:00:00','2026-06-02 11:00:00',1),(437,23,'2026-06-02 11:00:00','2026-06-02 12:00:00',1),(438,23,'2026-06-02 13:00:00','2026-06-02 14:00:00',1),(439,23,'2026-06-02 14:00:00','2026-06-02 15:00:00',1),(440,23,'2026-06-02 15:00:00','2026-06-02 16:00:00',1),(441,23,'2026-06-02 16:00:00','2026-06-02 17:00:00',1),(442,24,'2026-06-02 08:00:00','2026-06-02 09:00:00',1),(443,24,'2026-06-02 09:00:00','2026-06-02 10:00:00',1),(444,24,'2026-06-02 10:00:00','2026-06-02 11:00:00',1),(445,24,'2026-06-02 11:00:00','2026-06-02 12:00:00',1),(446,24,'2026-06-02 13:00:00','2026-06-02 14:00:00',1),(447,24,'2026-06-02 14:00:00','2026-06-02 15:00:00',1),(448,24,'2026-06-02 15:00:00','2026-06-02 16:00:00',1),(449,24,'2026-06-02 16:00:00','2026-06-02 17:00:00',1),(450,25,'2026-06-02 08:00:00','2026-06-02 09:00:00',1),(451,25,'2026-06-02 09:00:00','2026-06-02 10:00:00',1),(452,25,'2026-06-02 10:00:00','2026-06-02 11:00:00',0),(453,25,'2026-06-02 11:00:00','2026-06-02 12:00:00',1),(454,25,'2026-06-02 13:00:00','2026-06-02 14:00:00',1),(455,25,'2026-06-02 14:00:00','2026-06-02 15:00:00',1),(456,25,'2026-06-02 15:00:00','2026-06-02 16:00:00',1),(457,25,'2026-06-02 16:00:00','2026-06-02 17:00:00',1),(458,26,'2026-06-02 08:00:00','2026-06-02 09:00:00',1),(459,26,'2026-06-02 09:00:00','2026-06-02 10:00:00',1),(460,26,'2026-06-02 10:00:00','2026-06-02 11:00:00',1),(461,26,'2026-06-02 11:00:00','2026-06-02 12:00:00',1),(462,26,'2026-06-02 13:00:00','2026-06-02 14:00:00',1),(463,26,'2026-06-02 14:00:00','2026-06-02 15:00:00',1),(464,26,'2026-06-02 15:00:00','2026-06-02 16:00:00',1),(465,26,'2026-06-02 16:00:00','2026-06-02 17:00:00',1),(466,27,'2026-06-02 08:00:00','2026-06-02 09:00:00',1),(467,27,'2026-06-02 09:00:00','2026-06-02 10:00:00',1),(468,27,'2026-06-02 10:00:00','2026-06-02 11:00:00',1),(469,27,'2026-06-02 11:00:00','2026-06-02 12:00:00',1),(470,27,'2026-06-02 13:00:00','2026-06-02 14:00:00',1),(471,27,'2026-06-02 14:00:00','2026-06-02 15:00:00',1),(472,27,'2026-06-02 15:00:00','2026-06-02 16:00:00',1),(473,27,'2026-06-02 16:00:00','2026-06-02 17:00:00',1),(474,28,'2026-06-02 08:00:00','2026-06-02 09:00:00',1),(475,28,'2026-06-02 09:00:00','2026-06-02 10:00:00',1),(476,28,'2026-06-02 10:00:00','2026-06-02 11:00:00',1),(477,28,'2026-06-02 11:00:00','2026-06-02 12:00:00',1),(478,28,'2026-06-02 13:00:00','2026-06-02 14:00:00',1),(479,28,'2026-06-02 14:00:00','2026-06-02 15:00:00',1),(480,28,'2026-06-02 15:00:00','2026-06-02 16:00:00',1),(481,28,'2026-06-02 16:00:00','2026-06-02 17:00:00',1),(482,29,'2026-06-02 08:00:00','2026-06-02 09:00:00',1),(483,29,'2026-06-02 09:00:00','2026-06-02 10:00:00',1),(484,29,'2026-06-02 10:00:00','2026-06-02 11:00:00',1),(485,29,'2026-06-02 11:00:00','2026-06-02 12:00:00',1),(486,29,'2026-06-02 13:00:00','2026-06-02 14:00:00',1),(487,29,'2026-06-02 14:00:00','2026-06-02 15:00:00',1),(488,29,'2026-06-02 15:00:00','2026-06-02 16:00:00',1),(489,29,'2026-06-02 16:00:00','2026-06-02 17:00:00',1),(490,30,'2026-06-02 08:00:00','2026-06-02 09:00:00',1),(491,30,'2026-06-02 09:00:00','2026-06-02 10:00:00',1),(492,30,'2026-06-02 10:00:00','2026-06-02 11:00:00',1),(493,30,'2026-06-02 11:00:00','2026-06-02 12:00:00',1),(494,30,'2026-06-02 13:00:00','2026-06-02 14:00:00',1),(495,30,'2026-06-02 14:00:00','2026-06-02 15:00:00',1),(496,30,'2026-06-02 15:00:00','2026-06-02 16:00:00',1),(497,30,'2026-06-02 16:00:00','2026-06-02 17:00:00',1),(498,1,'2026-06-03 08:00:00','2026-06-03 09:00:00',1),(499,1,'2026-06-03 09:00:00','2026-06-03 10:00:00',0),(500,1,'2026-06-03 10:00:00','2026-06-03 11:00:00',1),(501,1,'2026-06-03 11:00:00','2026-06-03 12:00:00',1),(502,1,'2026-06-03 13:00:00','2026-06-03 14:00:00',1),(503,1,'2026-06-03 14:00:00','2026-06-03 15:00:00',1),(504,1,'2026-06-03 15:00:00','2026-06-03 16:00:00',1),(505,1,'2026-06-03 16:00:00','2026-06-03 17:00:00',1),(506,2,'2026-06-03 08:00:00','2026-06-03 09:00:00',1),(507,2,'2026-06-03 09:00:00','2026-06-03 10:00:00',1),(508,2,'2026-06-03 10:00:00','2026-06-03 11:00:00',1),(509,2,'2026-06-03 11:00:00','2026-06-03 12:00:00',1),(510,2,'2026-06-03 13:00:00','2026-06-03 14:00:00',1),(511,2,'2026-06-03 14:00:00','2026-06-03 15:00:00',1),(512,2,'2026-06-03 15:00:00','2026-06-03 16:00:00',1),(513,2,'2026-06-03 16:00:00','2026-06-03 17:00:00',1),(514,3,'2026-06-03 08:00:00','2026-06-03 09:00:00',1),(515,3,'2026-06-03 09:00:00','2026-06-03 10:00:00',1),(516,3,'2026-06-03 10:00:00','2026-06-03 11:00:00',1),(517,3,'2026-06-03 11:00:00','2026-06-03 12:00:00',1),(518,3,'2026-06-03 13:00:00','2026-06-03 14:00:00',1),(519,3,'2026-06-03 14:00:00','2026-06-03 15:00:00',1),(520,3,'2026-06-03 15:00:00','2026-06-03 16:00:00',1),(521,3,'2026-06-03 16:00:00','2026-06-03 17:00:00',1),(522,4,'2026-06-03 08:00:00','2026-06-03 09:00:00',1),(523,4,'2026-06-03 09:00:00','2026-06-03 10:00:00',1),(524,4,'2026-06-03 10:00:00','2026-06-03 11:00:00',1),(525,4,'2026-06-03 11:00:00','2026-06-03 12:00:00',1),(526,4,'2026-06-03 13:00:00','2026-06-03 14:00:00',1),(527,4,'2026-06-03 14:00:00','2026-06-03 15:00:00',1),(528,4,'2026-06-03 15:00:00','2026-06-03 16:00:00',1),(529,4,'2026-06-03 16:00:00','2026-06-03 17:00:00',1),(530,5,'2026-06-03 08:00:00','2026-06-03 09:00:00',1),(531,5,'2026-06-03 09:00:00','2026-06-03 10:00:00',1),(532,5,'2026-06-03 10:00:00','2026-06-03 11:00:00',1),(533,5,'2026-06-03 11:00:00','2026-06-03 12:00:00',1),(534,5,'2026-06-03 13:00:00','2026-06-03 14:00:00',1),(535,5,'2026-06-03 14:00:00','2026-06-03 15:00:00',1),(536,5,'2026-06-03 15:00:00','2026-06-03 16:00:00',1),(537,5,'2026-06-03 16:00:00','2026-06-03 17:00:00',1),(538,6,'2026-06-03 08:00:00','2026-06-03 09:00:00',1),(539,6,'2026-06-03 09:00:00','2026-06-03 10:00:00',1),(540,6,'2026-06-03 10:00:00','2026-06-03 11:00:00',1),(541,6,'2026-06-03 11:00:00','2026-06-03 12:00:00',1),(542,6,'2026-06-03 13:00:00','2026-06-03 14:00:00',1),(543,6,'2026-06-03 14:00:00','2026-06-03 15:00:00',1),(544,6,'2026-06-03 15:00:00','2026-06-03 16:00:00',1),(545,6,'2026-06-03 16:00:00','2026-06-03 17:00:00',1),(546,7,'2026-06-03 08:00:00','2026-06-03 09:00:00',1),(547,7,'2026-06-03 09:00:00','2026-06-03 10:00:00',1),(548,7,'2026-06-03 10:00:00','2026-06-03 11:00:00',1),(549,7,'2026-06-03 11:00:00','2026-06-03 12:00:00',1),(550,7,'2026-06-03 13:00:00','2026-06-03 14:00:00',1),(551,7,'2026-06-03 14:00:00','2026-06-03 15:00:00',1),(552,7,'2026-06-03 15:00:00','2026-06-03 16:00:00',1),(553,7,'2026-06-03 16:00:00','2026-06-03 17:00:00',1),(554,8,'2026-06-03 08:00:00','2026-06-03 09:00:00',1),(555,8,'2026-06-03 09:00:00','2026-06-03 10:00:00',1),(556,8,'2026-06-03 10:00:00','2026-06-03 11:00:00',1),(557,8,'2026-06-03 11:00:00','2026-06-03 12:00:00',1),(558,8,'2026-06-03 13:00:00','2026-06-03 14:00:00',1),(559,8,'2026-06-03 14:00:00','2026-06-03 15:00:00',1),(560,8,'2026-06-03 15:00:00','2026-06-03 16:00:00',1),(561,8,'2026-06-03 16:00:00','2026-06-03 17:00:00',1),(562,9,'2026-06-03 08:00:00','2026-06-03 09:00:00',1),(563,9,'2026-06-03 09:00:00','2026-06-03 10:00:00',1),(564,9,'2026-06-03 10:00:00','2026-06-03 11:00:00',1),(565,9,'2026-06-03 11:00:00','2026-06-03 12:00:00',1),(566,9,'2026-06-03 13:00:00','2026-06-03 14:00:00',1),(567,9,'2026-06-03 14:00:00','2026-06-03 15:00:00',1),(568,9,'2026-06-03 15:00:00','2026-06-03 16:00:00',1),(569,9,'2026-06-03 16:00:00','2026-06-03 17:00:00',1),(570,10,'2026-06-03 08:00:00','2026-06-03 09:00:00',1),(571,10,'2026-06-03 09:00:00','2026-06-03 10:00:00',1),(572,10,'2026-06-03 10:00:00','2026-06-03 11:00:00',1),(573,10,'2026-06-03 11:00:00','2026-06-03 12:00:00',1),(574,10,'2026-06-03 13:00:00','2026-06-03 14:00:00',1),(575,10,'2026-06-03 14:00:00','2026-06-03 15:00:00',1),(576,10,'2026-06-03 15:00:00','2026-06-03 16:00:00',1),(577,10,'2026-06-03 16:00:00','2026-06-03 17:00:00',1),(578,11,'2026-06-03 08:00:00','2026-06-03 09:00:00',1),(579,11,'2026-06-03 09:00:00','2026-06-03 10:00:00',1),(580,11,'2026-06-03 10:00:00','2026-06-03 11:00:00',1),(581,11,'2026-06-03 11:00:00','2026-06-03 12:00:00',0),(582,11,'2026-06-03 13:00:00','2026-06-03 14:00:00',1),(583,11,'2026-06-03 14:00:00','2026-06-03 15:00:00',1),(584,11,'2026-06-03 15:00:00','2026-06-03 16:00:00',1),(585,11,'2026-06-03 16:00:00','2026-06-03 17:00:00',1),(586,12,'2026-06-03 08:00:00','2026-06-03 09:00:00',1),(587,12,'2026-06-03 09:00:00','2026-06-03 10:00:00',1),(588,12,'2026-06-03 10:00:00','2026-06-03 11:00:00',1),(589,12,'2026-06-03 11:00:00','2026-06-03 12:00:00',1),(590,12,'2026-06-03 13:00:00','2026-06-03 14:00:00',1),(591,12,'2026-06-03 14:00:00','2026-06-03 15:00:00',1),(592,12,'2026-06-03 15:00:00','2026-06-03 16:00:00',1),(593,12,'2026-06-03 16:00:00','2026-06-03 17:00:00',1),(594,13,'2026-06-03 08:00:00','2026-06-03 09:00:00',1),(595,13,'2026-06-03 09:00:00','2026-06-03 10:00:00',1),(596,13,'2026-06-03 10:00:00','2026-06-03 11:00:00',0),(597,13,'2026-06-03 11:00:00','2026-06-03 12:00:00',1),(598,13,'2026-06-03 13:00:00','2026-06-03 14:00:00',1),(599,13,'2026-06-03 14:00:00','2026-06-03 15:00:00',1),(600,13,'2026-06-03 15:00:00','2026-06-03 16:00:00',1),(601,13,'2026-06-03 16:00:00','2026-06-03 17:00:00',1),(602,14,'2026-06-03 08:00:00','2026-06-03 09:00:00',1),(603,14,'2026-06-03 09:00:00','2026-06-03 10:00:00',1),(604,14,'2026-06-03 10:00:00','2026-06-03 11:00:00',1),(605,14,'2026-06-03 11:00:00','2026-06-03 12:00:00',1),(606,14,'2026-06-03 13:00:00','2026-06-03 14:00:00',1),(607,14,'2026-06-03 14:00:00','2026-06-03 15:00:00',1),(608,14,'2026-06-03 15:00:00','2026-06-03 16:00:00',1),(609,14,'2026-06-03 16:00:00','2026-06-03 17:00:00',1),(610,15,'2026-06-03 08:00:00','2026-06-03 09:00:00',1),(611,15,'2026-06-03 09:00:00','2026-06-03 10:00:00',1),(612,15,'2026-06-03 10:00:00','2026-06-03 11:00:00',1),(613,15,'2026-06-03 11:00:00','2026-06-03 12:00:00',1),(614,15,'2026-06-03 13:00:00','2026-06-03 14:00:00',1),(615,15,'2026-06-03 14:00:00','2026-06-03 15:00:00',1),(616,15,'2026-06-03 15:00:00','2026-06-03 16:00:00',0),(617,15,'2026-06-03 16:00:00','2026-06-03 17:00:00',1),(618,16,'2026-06-03 08:00:00','2026-06-03 09:00:00',1),(619,16,'2026-06-03 09:00:00','2026-06-03 10:00:00',0),(620,16,'2026-06-03 10:00:00','2026-06-03 11:00:00',1),(621,16,'2026-06-03 11:00:00','2026-06-03 12:00:00',1),(622,16,'2026-06-03 13:00:00','2026-06-03 14:00:00',1),(623,16,'2026-06-03 14:00:00','2026-06-03 15:00:00',1),(624,16,'2026-06-03 15:00:00','2026-06-03 16:00:00',1),(625,16,'2026-06-03 16:00:00','2026-06-03 17:00:00',1),(626,17,'2026-06-03 08:00:00','2026-06-03 09:00:00',1),(627,17,'2026-06-03 09:00:00','2026-06-03 10:00:00',1),(628,17,'2026-06-03 10:00:00','2026-06-03 11:00:00',1),(629,17,'2026-06-03 11:00:00','2026-06-03 12:00:00',1),(630,17,'2026-06-03 13:00:00','2026-06-03 14:00:00',1),(631,17,'2026-06-03 14:00:00','2026-06-03 15:00:00',1),(632,17,'2026-06-03 15:00:00','2026-06-03 16:00:00',1),(633,17,'2026-06-03 16:00:00','2026-06-03 17:00:00',1),(634,18,'2026-06-03 08:00:00','2026-06-03 09:00:00',1),(635,18,'2026-06-03 09:00:00','2026-06-03 10:00:00',1),(636,18,'2026-06-03 10:00:00','2026-06-03 11:00:00',1),(637,18,'2026-06-03 11:00:00','2026-06-03 12:00:00',1),(638,18,'2026-06-03 13:00:00','2026-06-03 14:00:00',1),(639,18,'2026-06-03 14:00:00','2026-06-03 15:00:00',1),(640,18,'2026-06-03 15:00:00','2026-06-03 16:00:00',1),(641,18,'2026-06-03 16:00:00','2026-06-03 17:00:00',1),(642,19,'2026-06-03 08:00:00','2026-06-03 09:00:00',1),(643,19,'2026-06-03 09:00:00','2026-06-03 10:00:00',1),(644,19,'2026-06-03 10:00:00','2026-06-03 11:00:00',1),(645,19,'2026-06-03 11:00:00','2026-06-03 12:00:00',1),(646,19,'2026-06-03 13:00:00','2026-06-03 14:00:00',1),(647,19,'2026-06-03 14:00:00','2026-06-03 15:00:00',1),(648,19,'2026-06-03 15:00:00','2026-06-03 16:00:00',1),(649,19,'2026-06-03 16:00:00','2026-06-03 17:00:00',1),(650,20,'2026-06-03 08:00:00','2026-06-03 09:00:00',1),(651,20,'2026-06-03 09:00:00','2026-06-03 10:00:00',1),(652,20,'2026-06-03 10:00:00','2026-06-03 11:00:00',1),(653,20,'2026-06-03 11:00:00','2026-06-03 12:00:00',1),(654,20,'2026-06-03 13:00:00','2026-06-03 14:00:00',1),(655,20,'2026-06-03 14:00:00','2026-06-03 15:00:00',1),(656,20,'2026-06-03 15:00:00','2026-06-03 16:00:00',1),(657,20,'2026-06-03 16:00:00','2026-06-03 17:00:00',1),(658,21,'2026-06-03 08:00:00','2026-06-03 09:00:00',1),(659,21,'2026-06-03 09:00:00','2026-06-03 10:00:00',1),(660,21,'2026-06-03 10:00:00','2026-06-03 11:00:00',1),(661,21,'2026-06-03 11:00:00','2026-06-03 12:00:00',1),(662,21,'2026-06-03 13:00:00','2026-06-03 14:00:00',1),(663,21,'2026-06-03 14:00:00','2026-06-03 15:00:00',1),(664,21,'2026-06-03 15:00:00','2026-06-03 16:00:00',1),(665,21,'2026-06-03 16:00:00','2026-06-03 17:00:00',1),(666,22,'2026-06-03 08:00:00','2026-06-03 09:00:00',1),(667,22,'2026-06-03 09:00:00','2026-06-03 10:00:00',1),(668,22,'2026-06-03 10:00:00','2026-06-03 11:00:00',1),(669,22,'2026-06-03 11:00:00','2026-06-03 12:00:00',1),(670,22,'2026-06-03 13:00:00','2026-06-03 14:00:00',1),(671,22,'2026-06-03 14:00:00','2026-06-03 15:00:00',1),(672,22,'2026-06-03 15:00:00','2026-06-03 16:00:00',1),(673,22,'2026-06-03 16:00:00','2026-06-03 17:00:00',1),(674,23,'2026-06-03 08:00:00','2026-06-03 09:00:00',1),(675,23,'2026-06-03 09:00:00','2026-06-03 10:00:00',1),(676,23,'2026-06-03 10:00:00','2026-06-03 11:00:00',1),(677,23,'2026-06-03 11:00:00','2026-06-03 12:00:00',1),(678,23,'2026-06-03 13:00:00','2026-06-03 14:00:00',1),(679,23,'2026-06-03 14:00:00','2026-06-03 15:00:00',1),(680,23,'2026-06-03 15:00:00','2026-06-03 16:00:00',1),(681,23,'2026-06-03 16:00:00','2026-06-03 17:00:00',1),(682,24,'2026-06-03 08:00:00','2026-06-03 09:00:00',1),(683,24,'2026-06-03 09:00:00','2026-06-03 10:00:00',1),(684,24,'2026-06-03 10:00:00','2026-06-03 11:00:00',1),(685,24,'2026-06-03 11:00:00','2026-06-03 12:00:00',1),(686,24,'2026-06-03 13:00:00','2026-06-03 14:00:00',1),(687,24,'2026-06-03 14:00:00','2026-06-03 15:00:00',1),(688,24,'2026-06-03 15:00:00','2026-06-03 16:00:00',1),(689,24,'2026-06-03 16:00:00','2026-06-03 17:00:00',1),(690,25,'2026-06-03 08:00:00','2026-06-03 09:00:00',1),(691,25,'2026-06-03 09:00:00','2026-06-03 10:00:00',0),(692,25,'2026-06-03 10:00:00','2026-06-03 11:00:00',1),(693,25,'2026-06-03 11:00:00','2026-06-03 12:00:00',1),(694,25,'2026-06-03 13:00:00','2026-06-03 14:00:00',1),(695,25,'2026-06-03 14:00:00','2026-06-03 15:00:00',1),(696,25,'2026-06-03 15:00:00','2026-06-03 16:00:00',1),(697,25,'2026-06-03 16:00:00','2026-06-03 17:00:00',1),(698,26,'2026-06-03 08:00:00','2026-06-03 09:00:00',1),(699,26,'2026-06-03 09:00:00','2026-06-03 10:00:00',1),(700,26,'2026-06-03 10:00:00','2026-06-03 11:00:00',1),(701,26,'2026-06-03 11:00:00','2026-06-03 12:00:00',1),(702,26,'2026-06-03 13:00:00','2026-06-03 14:00:00',1),(703,26,'2026-06-03 14:00:00','2026-06-03 15:00:00',1),(704,26,'2026-06-03 15:00:00','2026-06-03 16:00:00',1),(705,26,'2026-06-03 16:00:00','2026-06-03 17:00:00',1),(706,27,'2026-06-03 08:00:00','2026-06-03 09:00:00',1),(707,27,'2026-06-03 09:00:00','2026-06-03 10:00:00',1),(708,27,'2026-06-03 10:00:00','2026-06-03 11:00:00',1),(709,27,'2026-06-03 11:00:00','2026-06-03 12:00:00',1),(710,27,'2026-06-03 13:00:00','2026-06-03 14:00:00',1),(711,27,'2026-06-03 14:00:00','2026-06-03 15:00:00',1),(712,27,'2026-06-03 15:00:00','2026-06-03 16:00:00',1),(713,27,'2026-06-03 16:00:00','2026-06-03 17:00:00',1),(714,28,'2026-06-03 08:00:00','2026-06-03 09:00:00',1),(715,28,'2026-06-03 09:00:00','2026-06-03 10:00:00',1),(716,28,'2026-06-03 10:00:00','2026-06-03 11:00:00',1),(717,28,'2026-06-03 11:00:00','2026-06-03 12:00:00',1),(718,28,'2026-06-03 13:00:00','2026-06-03 14:00:00',1),(719,28,'2026-06-03 14:00:00','2026-06-03 15:00:00',1),(720,28,'2026-06-03 15:00:00','2026-06-03 16:00:00',1),(721,28,'2026-06-03 16:00:00','2026-06-03 17:00:00',1),(722,29,'2026-06-03 08:00:00','2026-06-03 09:00:00',1),(723,29,'2026-06-03 09:00:00','2026-06-03 10:00:00',1),(724,29,'2026-06-03 10:00:00','2026-06-03 11:00:00',1),(725,29,'2026-06-03 11:00:00','2026-06-03 12:00:00',1),(726,29,'2026-06-03 13:00:00','2026-06-03 14:00:00',1),(727,29,'2026-06-03 14:00:00','2026-06-03 15:00:00',1),(728,29,'2026-06-03 15:00:00','2026-06-03 16:00:00',1),(729,29,'2026-06-03 16:00:00','2026-06-03 17:00:00',1),(730,30,'2026-06-03 08:00:00','2026-06-03 09:00:00',1),(731,30,'2026-06-03 09:00:00','2026-06-03 10:00:00',1),(732,30,'2026-06-03 10:00:00','2026-06-03 11:00:00',1),(733,30,'2026-06-03 11:00:00','2026-06-03 12:00:00',1),(734,30,'2026-06-03 13:00:00','2026-06-03 14:00:00',1),(735,30,'2026-06-03 14:00:00','2026-06-03 15:00:00',1),(736,30,'2026-06-03 15:00:00','2026-06-03 16:00:00',1),(737,30,'2026-06-03 16:00:00','2026-06-03 17:00:00',1),(738,1,'2026-06-04 08:00:00','2026-06-04 09:00:00',1),(739,1,'2026-06-04 09:00:00','2026-06-04 10:00:00',1),(740,1,'2026-06-04 10:00:00','2026-06-04 11:00:00',1),(741,1,'2026-06-04 11:00:00','2026-06-04 12:00:00',1),(742,1,'2026-06-04 13:00:00','2026-06-04 14:00:00',1),(743,1,'2026-06-04 14:00:00','2026-06-04 15:00:00',1),(744,1,'2026-06-04 15:00:00','2026-06-04 16:00:00',1),(745,1,'2026-06-04 16:00:00','2026-06-04 17:00:00',1),(746,2,'2026-06-04 08:00:00','2026-06-04 09:00:00',1),(747,2,'2026-06-04 09:00:00','2026-06-04 10:00:00',1),(748,2,'2026-06-04 10:00:00','2026-06-04 11:00:00',1),(749,2,'2026-06-04 11:00:00','2026-06-04 12:00:00',1),(750,2,'2026-06-04 13:00:00','2026-06-04 14:00:00',1),(751,2,'2026-06-04 14:00:00','2026-06-04 15:00:00',1),(752,2,'2026-06-04 15:00:00','2026-06-04 16:00:00',1),(753,2,'2026-06-04 16:00:00','2026-06-04 17:00:00',1),(754,3,'2026-06-04 08:00:00','2026-06-04 09:00:00',1),(755,3,'2026-06-04 09:00:00','2026-06-04 10:00:00',1),(756,3,'2026-06-04 10:00:00','2026-06-04 11:00:00',1),(757,3,'2026-06-04 11:00:00','2026-06-04 12:00:00',1),(758,3,'2026-06-04 13:00:00','2026-06-04 14:00:00',1),(759,3,'2026-06-04 14:00:00','2026-06-04 15:00:00',1),(760,3,'2026-06-04 15:00:00','2026-06-04 16:00:00',0),(761,3,'2026-06-04 16:00:00','2026-06-04 17:00:00',1),(762,4,'2026-06-04 08:00:00','2026-06-04 09:00:00',1),(763,4,'2026-06-04 09:00:00','2026-06-04 10:00:00',1),(764,4,'2026-06-04 10:00:00','2026-06-04 11:00:00',1),(765,4,'2026-06-04 11:00:00','2026-06-04 12:00:00',1),(766,4,'2026-06-04 13:00:00','2026-06-04 14:00:00',1),(767,4,'2026-06-04 14:00:00','2026-06-04 15:00:00',1),(768,4,'2026-06-04 15:00:00','2026-06-04 16:00:00',1),(769,4,'2026-06-04 16:00:00','2026-06-04 17:00:00',1),(770,5,'2026-06-04 08:00:00','2026-06-04 09:00:00',1),(771,5,'2026-06-04 09:00:00','2026-06-04 10:00:00',1),(772,5,'2026-06-04 10:00:00','2026-06-04 11:00:00',1),(773,5,'2026-06-04 11:00:00','2026-06-04 12:00:00',1),(774,5,'2026-06-04 13:00:00','2026-06-04 14:00:00',1),(775,5,'2026-06-04 14:00:00','2026-06-04 15:00:00',1),(776,5,'2026-06-04 15:00:00','2026-06-04 16:00:00',1),(777,5,'2026-06-04 16:00:00','2026-06-04 17:00:00',1),(778,6,'2026-06-04 08:00:00','2026-06-04 09:00:00',1),(779,6,'2026-06-04 09:00:00','2026-06-04 10:00:00',1),(780,6,'2026-06-04 10:00:00','2026-06-04 11:00:00',1),(781,6,'2026-06-04 11:00:00','2026-06-04 12:00:00',1),(782,6,'2026-06-04 13:00:00','2026-06-04 14:00:00',1),(783,6,'2026-06-04 14:00:00','2026-06-04 15:00:00',1),(784,6,'2026-06-04 15:00:00','2026-06-04 16:00:00',1),(785,6,'2026-06-04 16:00:00','2026-06-04 17:00:00',1),(786,7,'2026-06-04 08:00:00','2026-06-04 09:00:00',1),(787,7,'2026-06-04 09:00:00','2026-06-04 10:00:00',1),(788,7,'2026-06-04 10:00:00','2026-06-04 11:00:00',1),(789,7,'2026-06-04 11:00:00','2026-06-04 12:00:00',1),(790,7,'2026-06-04 13:00:00','2026-06-04 14:00:00',1),(791,7,'2026-06-04 14:00:00','2026-06-04 15:00:00',1),(792,7,'2026-06-04 15:00:00','2026-06-04 16:00:00',1),(793,7,'2026-06-04 16:00:00','2026-06-04 17:00:00',1),(794,8,'2026-06-04 08:00:00','2026-06-04 09:00:00',1),(795,8,'2026-06-04 09:00:00','2026-06-04 10:00:00',1),(796,8,'2026-06-04 10:00:00','2026-06-04 11:00:00',1),(797,8,'2026-06-04 11:00:00','2026-06-04 12:00:00',0),(798,8,'2026-06-04 13:00:00','2026-06-04 14:00:00',1),(799,8,'2026-06-04 14:00:00','2026-06-04 15:00:00',1),(800,8,'2026-06-04 15:00:00','2026-06-04 16:00:00',1),(801,8,'2026-06-04 16:00:00','2026-06-04 17:00:00',1),(802,9,'2026-06-04 08:00:00','2026-06-04 09:00:00',1),(803,9,'2026-06-04 09:00:00','2026-06-04 10:00:00',1),(804,9,'2026-06-04 10:00:00','2026-06-04 11:00:00',1),(805,9,'2026-06-04 11:00:00','2026-06-04 12:00:00',1),(806,9,'2026-06-04 13:00:00','2026-06-04 14:00:00',1),(807,9,'2026-06-04 14:00:00','2026-06-04 15:00:00',1),(808,9,'2026-06-04 15:00:00','2026-06-04 16:00:00',1),(809,9,'2026-06-04 16:00:00','2026-06-04 17:00:00',1),(810,10,'2026-06-04 08:00:00','2026-06-04 09:00:00',1),(811,10,'2026-06-04 09:00:00','2026-06-04 10:00:00',1),(812,10,'2026-06-04 10:00:00','2026-06-04 11:00:00',1),(813,10,'2026-06-04 11:00:00','2026-06-04 12:00:00',1),(814,10,'2026-06-04 13:00:00','2026-06-04 14:00:00',1),(815,10,'2026-06-04 14:00:00','2026-06-04 15:00:00',1),(816,10,'2026-06-04 15:00:00','2026-06-04 16:00:00',1),(817,10,'2026-06-04 16:00:00','2026-06-04 17:00:00',1),(818,11,'2026-06-04 08:00:00','2026-06-04 09:00:00',1),(819,11,'2026-06-04 09:00:00','2026-06-04 10:00:00',1),(820,11,'2026-06-04 10:00:00','2026-06-04 11:00:00',1),(821,11,'2026-06-04 11:00:00','2026-06-04 12:00:00',1),(822,11,'2026-06-04 13:00:00','2026-06-04 14:00:00',1),(823,11,'2026-06-04 14:00:00','2026-06-04 15:00:00',1),(824,11,'2026-06-04 15:00:00','2026-06-04 16:00:00',1),(825,11,'2026-06-04 16:00:00','2026-06-04 17:00:00',1),(826,12,'2026-06-04 08:00:00','2026-06-04 09:00:00',1),(827,12,'2026-06-04 09:00:00','2026-06-04 10:00:00',1),(828,12,'2026-06-04 10:00:00','2026-06-04 11:00:00',1),(829,12,'2026-06-04 11:00:00','2026-06-04 12:00:00',1),(830,12,'2026-06-04 13:00:00','2026-06-04 14:00:00',1),(831,12,'2026-06-04 14:00:00','2026-06-04 15:00:00',1),(832,12,'2026-06-04 15:00:00','2026-06-04 16:00:00',1),(833,12,'2026-06-04 16:00:00','2026-06-04 17:00:00',1),(834,13,'2026-06-04 08:00:00','2026-06-04 09:00:00',1),(835,13,'2026-06-04 09:00:00','2026-06-04 10:00:00',1),(836,13,'2026-06-04 10:00:00','2026-06-04 11:00:00',1),(837,13,'2026-06-04 11:00:00','2026-06-04 12:00:00',1),(838,13,'2026-06-04 13:00:00','2026-06-04 14:00:00',1),(839,13,'2026-06-04 14:00:00','2026-06-04 15:00:00',1),(840,13,'2026-06-04 15:00:00','2026-06-04 16:00:00',1),(841,13,'2026-06-04 16:00:00','2026-06-04 17:00:00',1),(842,14,'2026-06-04 08:00:00','2026-06-04 09:00:00',1),(843,14,'2026-06-04 09:00:00','2026-06-04 10:00:00',1),(844,14,'2026-06-04 10:00:00','2026-06-04 11:00:00',0),(845,14,'2026-06-04 11:00:00','2026-06-04 12:00:00',1),(846,14,'2026-06-04 13:00:00','2026-06-04 14:00:00',1),(847,14,'2026-06-04 14:00:00','2026-06-04 15:00:00',1),(848,14,'2026-06-04 15:00:00','2026-06-04 16:00:00',1),(849,14,'2026-06-04 16:00:00','2026-06-04 17:00:00',1),(850,15,'2026-06-04 08:00:00','2026-06-04 09:00:00',1),(851,15,'2026-06-04 09:00:00','2026-06-04 10:00:00',1),(852,15,'2026-06-04 10:00:00','2026-06-04 11:00:00',1),(853,15,'2026-06-04 11:00:00','2026-06-04 12:00:00',0),(854,15,'2026-06-04 13:00:00','2026-06-04 14:00:00',1),(855,15,'2026-06-04 14:00:00','2026-06-04 15:00:00',1),(856,15,'2026-06-04 15:00:00','2026-06-04 16:00:00',1),(857,15,'2026-06-04 16:00:00','2026-06-04 17:00:00',1),(858,16,'2026-06-04 08:00:00','2026-06-04 09:00:00',1),(859,16,'2026-06-04 09:00:00','2026-06-04 10:00:00',1),(860,16,'2026-06-04 10:00:00','2026-06-04 11:00:00',1),(861,16,'2026-06-04 11:00:00','2026-06-04 12:00:00',1),(862,16,'2026-06-04 13:00:00','2026-06-04 14:00:00',1),(863,16,'2026-06-04 14:00:00','2026-06-04 15:00:00',1),(864,16,'2026-06-04 15:00:00','2026-06-04 16:00:00',1),(865,16,'2026-06-04 16:00:00','2026-06-04 17:00:00',1),(866,17,'2026-06-04 08:00:00','2026-06-04 09:00:00',1),(867,17,'2026-06-04 09:00:00','2026-06-04 10:00:00',0),(868,17,'2026-06-04 10:00:00','2026-06-04 11:00:00',1),(869,17,'2026-06-04 11:00:00','2026-06-04 12:00:00',1),(870,17,'2026-06-04 13:00:00','2026-06-04 14:00:00',0),(871,17,'2026-06-04 14:00:00','2026-06-04 15:00:00',1),(872,17,'2026-06-04 15:00:00','2026-06-04 16:00:00',1),(873,17,'2026-06-04 16:00:00','2026-06-04 17:00:00',1),(874,18,'2026-06-04 08:00:00','2026-06-04 09:00:00',0),(875,18,'2026-06-04 09:00:00','2026-06-04 10:00:00',1),(876,18,'2026-06-04 10:00:00','2026-06-04 11:00:00',0),(877,18,'2026-06-04 11:00:00','2026-06-04 12:00:00',0),(878,18,'2026-06-04 13:00:00','2026-06-04 14:00:00',1),(879,18,'2026-06-04 14:00:00','2026-06-04 15:00:00',1),(880,18,'2026-06-04 15:00:00','2026-06-04 16:00:00',1),(881,18,'2026-06-04 16:00:00','2026-06-04 17:00:00',1),(882,19,'2026-06-04 08:00:00','2026-06-04 09:00:00',1),(883,19,'2026-06-04 09:00:00','2026-06-04 10:00:00',1),(884,19,'2026-06-04 10:00:00','2026-06-04 11:00:00',1),(885,19,'2026-06-04 11:00:00','2026-06-04 12:00:00',1),(886,19,'2026-06-04 13:00:00','2026-06-04 14:00:00',1),(887,19,'2026-06-04 14:00:00','2026-06-04 15:00:00',1),(888,19,'2026-06-04 15:00:00','2026-06-04 16:00:00',1),(889,19,'2026-06-04 16:00:00','2026-06-04 17:00:00',1),(890,20,'2026-06-04 08:00:00','2026-06-04 09:00:00',1),(891,20,'2026-06-04 09:00:00','2026-06-04 10:00:00',1),(892,20,'2026-06-04 10:00:00','2026-06-04 11:00:00',1),(893,20,'2026-06-04 11:00:00','2026-06-04 12:00:00',1),(894,20,'2026-06-04 13:00:00','2026-06-04 14:00:00',1),(895,20,'2026-06-04 14:00:00','2026-06-04 15:00:00',1),(896,20,'2026-06-04 15:00:00','2026-06-04 16:00:00',1),(897,20,'2026-06-04 16:00:00','2026-06-04 17:00:00',1),(898,21,'2026-06-04 08:00:00','2026-06-04 09:00:00',1),(899,21,'2026-06-04 09:00:00','2026-06-04 10:00:00',1),(900,21,'2026-06-04 10:00:00','2026-06-04 11:00:00',1),(901,21,'2026-06-04 11:00:00','2026-06-04 12:00:00',1),(902,21,'2026-06-04 13:00:00','2026-06-04 14:00:00',1),(903,21,'2026-06-04 14:00:00','2026-06-04 15:00:00',1),(904,21,'2026-06-04 15:00:00','2026-06-04 16:00:00',1),(905,21,'2026-06-04 16:00:00','2026-06-04 17:00:00',1),(906,22,'2026-06-04 08:00:00','2026-06-04 09:00:00',1),(907,22,'2026-06-04 09:00:00','2026-06-04 10:00:00',1),(908,22,'2026-06-04 10:00:00','2026-06-04 11:00:00',1),(909,22,'2026-06-04 11:00:00','2026-06-04 12:00:00',1),(910,22,'2026-06-04 13:00:00','2026-06-04 14:00:00',1),(911,22,'2026-06-04 14:00:00','2026-06-04 15:00:00',1),(912,22,'2026-06-04 15:00:00','2026-06-04 16:00:00',1),(913,22,'2026-06-04 16:00:00','2026-06-04 17:00:00',1),(914,23,'2026-06-04 08:00:00','2026-06-04 09:00:00',1),(915,23,'2026-06-04 09:00:00','2026-06-04 10:00:00',1),(916,23,'2026-06-04 10:00:00','2026-06-04 11:00:00',1),(917,23,'2026-06-04 11:00:00','2026-06-04 12:00:00',1),(918,23,'2026-06-04 13:00:00','2026-06-04 14:00:00',1),(919,23,'2026-06-04 14:00:00','2026-06-04 15:00:00',1),(920,23,'2026-06-04 15:00:00','2026-06-04 16:00:00',1),(921,23,'2026-06-04 16:00:00','2026-06-04 17:00:00',1),(922,24,'2026-06-04 08:00:00','2026-06-04 09:00:00',1),(923,24,'2026-06-04 09:00:00','2026-06-04 10:00:00',1),(924,24,'2026-06-04 10:00:00','2026-06-04 11:00:00',1),(925,24,'2026-06-04 11:00:00','2026-06-04 12:00:00',1),(926,24,'2026-06-04 13:00:00','2026-06-04 14:00:00',1),(927,24,'2026-06-04 14:00:00','2026-06-04 15:00:00',1),(928,24,'2026-06-04 15:00:00','2026-06-04 16:00:00',1),(929,24,'2026-06-04 16:00:00','2026-06-04 17:00:00',1),(930,25,'2026-06-04 08:00:00','2026-06-04 09:00:00',1),(931,25,'2026-06-04 09:00:00','2026-06-04 10:00:00',1),(932,25,'2026-06-04 10:00:00','2026-06-04 11:00:00',1),(933,25,'2026-06-04 11:00:00','2026-06-04 12:00:00',1),(934,25,'2026-06-04 13:00:00','2026-06-04 14:00:00',1),(935,25,'2026-06-04 14:00:00','2026-06-04 15:00:00',1),(936,25,'2026-06-04 15:00:00','2026-06-04 16:00:00',1),(937,25,'2026-06-04 16:00:00','2026-06-04 17:00:00',1),(938,26,'2026-06-04 08:00:00','2026-06-04 09:00:00',1),(939,26,'2026-06-04 09:00:00','2026-06-04 10:00:00',1),(940,26,'2026-06-04 10:00:00','2026-06-04 11:00:00',0),(941,26,'2026-06-04 11:00:00','2026-06-04 12:00:00',1),(942,26,'2026-06-04 13:00:00','2026-06-04 14:00:00',1),(943,26,'2026-06-04 14:00:00','2026-06-04 15:00:00',1),(944,26,'2026-06-04 15:00:00','2026-06-04 16:00:00',1),(945,26,'2026-06-04 16:00:00','2026-06-04 17:00:00',1),(946,27,'2026-06-04 08:00:00','2026-06-04 09:00:00',1),(947,27,'2026-06-04 09:00:00','2026-06-04 10:00:00',1),(948,27,'2026-06-04 10:00:00','2026-06-04 11:00:00',1),(949,27,'2026-06-04 11:00:00','2026-06-04 12:00:00',1),(950,27,'2026-06-04 13:00:00','2026-06-04 14:00:00',1),(951,27,'2026-06-04 14:00:00','2026-06-04 15:00:00',1),(952,27,'2026-06-04 15:00:00','2026-06-04 16:00:00',1),(953,27,'2026-06-04 16:00:00','2026-06-04 17:00:00',1),(954,28,'2026-06-04 08:00:00','2026-06-04 09:00:00',1),(955,28,'2026-06-04 09:00:00','2026-06-04 10:00:00',1),(956,28,'2026-06-04 10:00:00','2026-06-04 11:00:00',1),(957,28,'2026-06-04 11:00:00','2026-06-04 12:00:00',1),(958,28,'2026-06-04 13:00:00','2026-06-04 14:00:00',1),(959,28,'2026-06-04 14:00:00','2026-06-04 15:00:00',1),(960,28,'2026-06-04 15:00:00','2026-06-04 16:00:00',1),(961,28,'2026-06-04 16:00:00','2026-06-04 17:00:00',1),(962,29,'2026-06-04 08:00:00','2026-06-04 09:00:00',1),(963,29,'2026-06-04 09:00:00','2026-06-04 10:00:00',1),(964,29,'2026-06-04 10:00:00','2026-06-04 11:00:00',1),(965,29,'2026-06-04 11:00:00','2026-06-04 12:00:00',1),(966,29,'2026-06-04 13:00:00','2026-06-04 14:00:00',1),(967,29,'2026-06-04 14:00:00','2026-06-04 15:00:00',1),(968,29,'2026-06-04 15:00:00','2026-06-04 16:00:00',1),(969,29,'2026-06-04 16:00:00','2026-06-04 17:00:00',1),(970,30,'2026-06-04 08:00:00','2026-06-04 09:00:00',1),(971,30,'2026-06-04 09:00:00','2026-06-04 10:00:00',1),(972,30,'2026-06-04 10:00:00','2026-06-04 11:00:00',1),(973,30,'2026-06-04 11:00:00','2026-06-04 12:00:00',1),(974,30,'2026-06-04 13:00:00','2026-06-04 14:00:00',1),(975,30,'2026-06-04 14:00:00','2026-06-04 15:00:00',1),(976,30,'2026-06-04 15:00:00','2026-06-04 16:00:00',1),(977,30,'2026-06-04 16:00:00','2026-06-04 17:00:00',1),(978,11,'2026-05-02 08:00:00','2026-05-02 10:00:00',1);
/*!40000 ALTER TABLE `doctor_schedules` ENABLE KEYS */;
UNLOCK TABLES;

--
-- Table structure for table `doctors`
--

DROP TABLE IF EXISTS `doctors`;
/*!40101 SET @saved_cs_client     = @@character_set_client */;
/*!50503 SET character_set_client = utf8mb4 */;
CREATE TABLE `doctors` (
  `id` int NOT NULL AUTO_INCREMENT,
  `user_id` int NOT NULL,
  `specialty_id` int NOT NULL,
  `bio` varchar(500) CHARACTER SET utf8mb3 COLLATE utf8mb3_general_ci DEFAULT NULL,
  `consultation_fee` decimal(12,2) NOT NULL DEFAULT '0.00',
  `available_online` tinyint(1) NOT NULL DEFAULT '1',
  `rating` decimal(3,2) DEFAULT '0.00' COMMENT 'Điểm đánh giá trung bình',
  `gender` varchar(6) DEFAULT NULL,
  `address` varchar(500) DEFAULT NULL,
  `date_of_birth` datetime DEFAULT NULL,
  PRIMARY KEY (`id`),
  UNIQUE KEY `user_id` (`user_id`),
  KEY `fk_doctors_specialty` (`specialty_id`),
  CONSTRAINT `fk_doctors_specialty` FOREIGN KEY (`specialty_id`) REFERENCES `specialties` (`id`) ON DELETE RESTRICT,
  CONSTRAINT `fk_doctors_user` FOREIGN KEY (`user_id`) REFERENCES `users` (`id`) ON DELETE CASCADE
) ENGINE=InnoDB AUTO_INCREMENT=31 DEFAULT CHARSET=utf8mb4 COLLATE=utf8mb4_0900_ai_ci;
/*!40101 SET character_set_client = @saved_cs_client */;

--
-- Dumping data for table `doctors`
--

LOCK TABLES `doctors` WRITE;
/*!40000 ALTER TABLE `doctors` DISABLE KEYS */;
INSERT INTO `doctors` VALUES (1,2,1,'Bác sĩ chuyên khoa Nội tổng quát với 10 năm kinh nghiệm',200000.00,1,4.80,NULL,NULL,NULL),(2,3,2,'Bác sĩ Nhi khoa tận tâm, giàu kinh nghiệm khám cho trẻ nhỏ',220000.00,1,4.70,NULL,NULL,NULL),(3,4,3,'Bác sĩ Da liễu chuyên điều trị mụn, viêm da, dị ứng da',210000.00,1,4.60,'MALE','Đại học Y Dược TPHCM','2026-05-15 00:00:00'),(4,5,4,'Bác sĩ Tim mạch chuyên theo dõi tăng huyết áp và bệnh tim',250000.00,1,4.90,NULL,NULL,NULL),(5,6,5,'Bác sĩ Tai mũi họng chuyên viêm xoang, viêm họng, ù tai',200000.00,1,4.50,'MALE','Cần thơ',NULL),(6,7,6,'Bác sĩ Sản phụ khoa chuyên chăm sóc sức khỏe phụ nữ',260000.00,1,4.85,NULL,NULL,NULL),(7,8,7,'Bác sĩ Chấn thương chỉnh hình chuyên xương khớp',240000.00,1,4.65,NULL,NULL,NULL),(8,9,8,'Bác sĩ Thần kinh chuyên đau đầu, mất ngủ, chóng mặt',230000.00,1,4.55,NULL,NULL,NULL),(9,10,9,'Bác sĩ Tiêu hóa chuyên dạ dày, đại tràng, gan mật',225000.00,1,4.75,NULL,NULL,NULL),(10,11,10,'Bác sĩ Nhãn khoa chuyên khám mắt và theo dõi tật khúc xạ',235000.00,1,4.70,NULL,NULL,NULL),(11,14,1,'Bác sĩ Nội tổng quát chuyên điều trị bệnh hô hấp và tiêu hóa',210000.00,1,4.72,NULL,NULL,NULL),(12,15,1,'Bác sĩ Nội tổng quát theo dõi bệnh mạn tính và khám sức khỏe định kỳ',215000.00,1,4.78,NULL,NULL,NULL),(13,16,2,'Bác sĩ Nhi khoa chuyên điều trị bệnh hô hấp và sốt siêu vi ở trẻ',225000.00,1,4.68,NULL,NULL,NULL),(14,17,2,'Bác sĩ Nhi khoa giàu kinh nghiệm tư vấn dinh dưỡng và tăng trưởng',230000.00,1,4.74,NULL,NULL,NULL),(15,18,3,'Bác sĩ Da liễu chuyên điều trị mụn, sẹo mụn và viêm da cơ địa',220000.00,1,4.66,NULL,NULL,NULL),(16,19,3,'Bác sĩ Da liễu tư vấn dị ứng da, nấm da và chăm sóc da chuyên sâu',225000.00,1,4.71,NULL,NULL,NULL),(17,20,4,'Bác sĩ Tim mạch chuyên tư vấn tăng huyết áp và rối loạn nhịp tim',255000.00,1,4.88,NULL,NULL,NULL),(18,21,4,'Bác sĩ Tim mạch theo dõi bệnh mạch vành, suy tim và điện tim',260000.00,1,4.91,NULL,NULL,NULL),(19,22,5,'Bác sĩ Tai mũi họng chuyên điều trị viêm mũi dị ứng và viêm xoang',205000.00,1,4.58,NULL,NULL,NULL),(20,23,5,'Bác sĩ Tai mũi họng chuyên viêm họng, ù tai và bệnh lý thanh quản',210000.00,1,4.63,NULL,NULL,NULL),(21,24,6,'Bác sĩ Sản phụ khoa chuyên khám thai định kỳ và tư vấn sức khỏe sinh sản',265000.00,1,4.86,NULL,NULL,NULL),(22,25,1,'Bác sĩ Sản phụ khoa theo dõi thai kỳ nguy cơ thấp và bệnh phụ khoa thường gặp',270000.00,1,4.89,'MALE','An Giang','2026-05-29 00:00:00'),(23,26,7,'Bác sĩ Chấn thương chỉnh hình chuyên đau cột sống, thoái hóa khớp và phục hồi vận động',245000.00,1,4.67,NULL,NULL,NULL),(24,27,7,'Bác sĩ Chấn thương chỉnh hình điều trị bệnh lý xương khớp và chấn thương thể thao',250000.00,1,4.73,NULL,NULL,NULL),(25,28,8,'Bác sĩ Thần kinh chuyên đau đầu mạn tính, chóng mặt và rối loạn giấc ngủ',235000.00,1,4.61,NULL,NULL,NULL),(26,29,8,'Bác sĩ Thần kinh theo dõi rối loạn tiền đình, mất ngủ và bệnh thần kinh ngoại biên',240000.00,1,4.69,NULL,NULL,NULL),(27,30,9,'Bác sĩ Tiêu hóa chuyên điều trị dạ dày, trào ngược và rối loạn tiêu hóa',230000.00,1,4.77,NULL,NULL,NULL),(28,31,9,'Bác sĩ Tiêu hóa theo dõi bệnh lý gan mật, đại tràng và đường ruột',235000.00,1,4.80,NULL,NULL,NULL),(29,32,10,'Bác sĩ Nhãn khoa chuyên khám khô mắt, viêm kết mạc và tật khúc xạ',240000.00,1,4.72,NULL,NULL,NULL),(30,33,10,'Bác sĩ Nhãn khoa theo dõi cận thị, loạn thị và tư vấn chăm sóc thị lực',245000.00,1,4.76,NULL,NULL,NULL);
/*!40000 ALTER TABLE `doctors` ENABLE KEYS */;
UNLOCK TABLES;

--
-- Table structure for table `lab_results`
--

DROP TABLE IF EXISTS `lab_results`;
/*!40101 SET @saved_cs_client     = @@character_set_client */;
/*!50503 SET character_set_client = utf8mb4 */;
CREATE TABLE `lab_results` (
  `id` int NOT NULL AUTO_INCREMENT,
  `appointment_id` int NOT NULL,
  `test_name` varchar(255) CHARACTER SET utf8mb3 COLLATE utf8mb3_general_ci NOT NULL COMMENT 'Tên xét nghiệm: Công thức máu, Glucose...',
  `test_code` varchar(50) CHARACTER SET utf8mb3 COLLATE utf8mb3_general_ci DEFAULT NULL COMMENT 'Mã xét nghiệm',
  `result` varchar(500) CHARACTER SET utf8mb3 COLLATE utf8mb3_general_ci NOT NULL,
  `unit` varchar(50) CHARACTER SET utf8mb3 COLLATE utf8mb3_general_ci DEFAULT NULL,
  `is_abnormal` tinyint(1) DEFAULT '0',
  `performed_at` datetime DEFAULT NULL,
  `ngay_tao` datetime NOT NULL,
  PRIMARY KEY (`id`),
  KEY `fk_lab_appointment` (`appointment_id`),
  CONSTRAINT `fk_lab_appointment` FOREIGN KEY (`appointment_id`) REFERENCES `appointments` (`id`) ON DELETE RESTRICT
) ENGINE=InnoDB AUTO_INCREMENT=11 DEFAULT CHARSET=utf8mb4 COLLATE=utf8mb4_0900_ai_ci;
/*!40101 SET character_set_client = @saved_cs_client */;

--
-- Dumping data for table `lab_results`
--

LOCK TABLES `lab_results` WRITE;
/*!40000 ALTER TABLE `lab_results` DISABLE KEYS */;
INSERT INTO `lab_results` VALUES (10,32,'s','s','s','s',0,NULL,'2026-05-31 16:51:15');
/*!40000 ALTER TABLE `lab_results` ENABLE KEYS */;
UNLOCK TABLES;

--
-- Table structure for table `medical_records`
--

DROP TABLE IF EXISTS `medical_records`;
/*!40101 SET @saved_cs_client     = @@character_set_client */;
/*!50503 SET character_set_client = utf8mb4 */;
CREATE TABLE `medical_records` (
  `id` int NOT NULL AUTO_INCREMENT,
  `appointment_id` int NOT NULL,
  `chief_complaint` varchar(500) CHARACTER SET utf8mb3 COLLATE utf8mb3_general_ci DEFAULT NULL COMMENT 'Lý do khám chính',
  `diagnosis` varchar(500) CHARACTER SET utf8mb3 COLLATE utf8mb3_general_ci NOT NULL COMMENT 'Chẩn đoán bệnh',
  `treatment_plan` varchar(500) CHARACTER SET utf8mb3 COLLATE utf8mb3_general_ci DEFAULT NULL COMMENT 'Phác đồ điều trị',
  `follow_up_date` datetime DEFAULT NULL COMMENT 'Ngày tái khám',
  `notes` varchar(200) CHARACTER SET utf8mb3 COLLATE utf8mb3_general_ci DEFAULT NULL COMMENT 'Ghi chú thêm của bác sĩ',
  PRIMARY KEY (`id`),
  KEY `fk_record_appointment` (`appointment_id`),
  CONSTRAINT `fk_record_appointment` FOREIGN KEY (`appointment_id`) REFERENCES `appointments` (`id`) ON DELETE RESTRICT
) ENGINE=InnoDB AUTO_INCREMENT=33 DEFAULT CHARSET=utf8mb4 COLLATE=utf8mb4_0900_ai_ci;
/*!40101 SET character_set_client = @saved_cs_client */;

--
-- Dumping data for table `medical_records`
--

LOCK TABLES `medical_records` WRITE;
/*!40000 ALTER TABLE `medical_records` DISABLE KEYS */;
INSERT INTO `medical_records` VALUES (16,32,'ấs','ás','á',NULL,''),(17,33,'Đau đầu, sốt 38.5°C','Nhiễm khuẩn đường hô hấp trên','Hạ sốt, nghỉ ngơi, uống nhiều nước','2026-06-10 09:00:00','Tái khám nếu sốt không giảm sau 3 ngày'),(18,34,'Ho có đờm, đau họng 3 ngày','Viêm họng cấp tính do vi khuẩn','Kháng sinh + giảm đau, chống viêm','2026-06-11 10:00:00','Uống đủ liều kháng sinh, không bỏ liều'),(19,35,'Nổi mẩn đỏ toàn thân, ngứa nhiều','Dị ứng da tiếp xúc','Thuốc kháng histamin, tránh tiếp xúc dị nguyên','2026-06-12 14:00:00','Theo dõi 1 tuần, quay lại nếu nặng hơn'),(20,36,'Đau thượng vị, buồn nôn, ợ chua','Viêm loét dạ dày - tá tràng','Ức chế bơm proton, ăn đúng giờ, đúng bữa','2026-06-13 08:00:00','Kiêng đồ cay nóng, chua, rượu bia'),(21,38,'a','a','a','2026-05-31 14:34:00',''),(22,39,'a','a','a','2026-05-31 14:56:00','a'),(23,40,'s','s','s','2026-05-31 15:00:00',''),(24,41,'s','s','s','2026-05-31 15:06:00',''),(25,42,'s','s','s','2026-05-31 15:18:00',''),(26,44,'s','s','s','2026-05-31 15:25:00',''),(27,45,'d','d','d','2026-05-31 15:30:00',''),(28,46,'s','s','s','2026-05-31 15:40:00',''),(29,47,'s','s','s','2026-06-20 16:12:00',''),(30,48,'d','d','d','2026-05-14 16:44:00',''),(31,49,'s','s','s',NULL,'s'),(32,50,'s','s','s',NULL,'');
/*!40000 ALTER TABLE `medical_records` ENABLE KEYS */;
UNLOCK TABLES;

--
-- Table structure for table `medicines`
--

DROP TABLE IF EXISTS `medicines`;
/*!40101 SET @saved_cs_client     = @@character_set_client */;
/*!50503 SET character_set_client = utf8mb4 */;
CREATE TABLE `medicines` (
  `id` int NOT NULL AUTO_INCREMENT,
  `code` varchar(50) NOT NULL COMMENT 'Mã thuốc nội bộ',
  `name` varchar(255) CHARACTER SET utf8mb3 COLLATE utf8mb3_general_ci NOT NULL,
  `generic_name` varchar(255) CHARACTER SET utf8mb3 COLLATE utf8mb3_general_ci DEFAULT NULL COMMENT 'Hoạt chất',
  `category` varchar(100) CHARACTER SET utf8mb3 COLLATE utf8mb3_general_ci DEFAULT NULL COMMENT 'Nhóm thuốc (kháng sinh, giảm đau...)',
  `unit` varchar(50) CHARACTER SET utf8mb3 COLLATE utf8mb3_general_ci NOT NULL COMMENT 'Đơn vị: viên, chai, ống...',
  `concentration` varchar(100) CHARACTER SET utf8mb3 COLLATE utf8mb3_general_ci DEFAULT NULL COMMENT 'Hàm lượng: 500mg, 250mg/5ml...',
  `manufacturer` varchar(255) CHARACTER SET utf8mb3 COLLATE utf8mb3_general_ci DEFAULT NULL,
  `stock_quantity` int NOT NULL DEFAULT '0',
  `expiry_date` datetime DEFAULT NULL,
  `price` decimal(12,2) NOT NULL DEFAULT '0.00',
  `is_active` tinyint(1) NOT NULL DEFAULT '1',
  PRIMARY KEY (`id`),
  UNIQUE KEY `code` (`code`)
) ENGINE=InnoDB AUTO_INCREMENT=12 DEFAULT CHARSET=utf8mb4 COLLATE=utf8mb4_0900_ai_ci;
/*!40101 SET character_set_client = @saved_cs_client */;

--
-- Dumping data for table `medicines`
--

LOCK TABLES `medicines` WRITE;
/*!40000 ALTER TABLE `medicines` DISABLE KEYS */;
INSERT INTO `medicines` VALUES (1,'MED001','Paracetamol','Acetaminophen','Giảm đau - hạ sốt','Viên','500mg','DHG Pharma',465,'2027-12-31 00:00:00',1500.00,1),(2,'MED002','Cetirizine','Cetirizine Hydrochloride','Chống dị ứng','Viên','10mg','Traphaco',280,'2027-10-31 00:00:00',2500.00,1),(3,'MED003','Amoxicillin','Amoxicillin','Kháng sinh','Viên','500mg','Imexpharm',3,'2027-08-31 00:00:00',3000.00,1),(4,'ABC123','KICHI KICHI','Lẩu','Khác','Viên','1 nồi','KICHI',0,'2026-05-27 00:00:00',300000.00,0),(5,'MED004','Ibuprofen','Ibuprofen','Giảm đau - Kháng viêm','Viên','400mg','OPV Pharma',348,'2027-11-30 00:00:00',2000.00,1),(6,'MED005','Omeprazole','Omeprazole','Dạ dày - Tiêu hóa','Viên','20mg','Stada',200,'2027-09-30 00:00:00',3500.00,1),(7,'MED006','Metformin','Metformin HCl','Tiểu đường','Viên','500mg','Pymepharco',150,'2027-12-31 00:00:00',1500.00,1),(8,'MED007','Vitamin C','Ascorbic Acid','Vitamin - Khoáng chất','Viên','500mg','DHG Pharma',500,'2028-06-30 00:00:00',800.00,1),(9,'MED008','Loratadine','Loratadine','Chống dị ứng','Viên','10mg','Traphaco',178,'2027-10-31 00:00:00',2200.00,1),(10,'MED009','Azithromycin','Azithromycin','Kháng sinh','Viên','250mg','Imexpharm',78,'2027-08-31 00:00:00',5000.00,1),(11,'MED010','Salbutamol','Salbutamol','Hô hấp','Viên','4mg','GSK',60,'2027-06-30 00:00:00',3200.00,1);
/*!40000 ALTER TABLE `medicines` ENABLE KEYS */;
UNLOCK TABLES;

--
-- Table structure for table `notifications`
--

DROP TABLE IF EXISTS `notifications`;
/*!40101 SET @saved_cs_client     = @@character_set_client */;
/*!50503 SET character_set_client = utf8mb4 */;
CREATE TABLE `notifications` (
  `id` int NOT NULL AUTO_INCREMENT,
  `user_id` int NOT NULL,
  `title` varchar(255) CHARACTER SET utf8mb3 COLLATE utf8mb3_general_ci NOT NULL,
  `message` text NOT NULL,
  `is_read` tinyint(1) NOT NULL DEFAULT '0',
  `ngay_tao` datetime NOT NULL,
  PRIMARY KEY (`id`),
  KEY `fk_notif_user` (`user_id`),
  CONSTRAINT `fk_notif_user` FOREIGN KEY (`user_id`) REFERENCES `users` (`id`) ON DELETE CASCADE
) ENGINE=InnoDB AUTO_INCREMENT=93 DEFAULT CHARSET=utf8mb4 COLLATE=utf8mb4_0900_ai_ci;
/*!40101 SET character_set_client = @saved_cs_client */;

--
-- Dumping data for table `notifications`
--

LOCK TABLES `notifications` WRITE;
/*!40000 ALTER TABLE `notifications` DISABLE KEYS */;
INSERT INTO `notifications` VALUES (30,60,'Nhắc lịch hẹn khám bệnh','Bạn có lịch khám với bác sĩ Trần Minh Quân vào lúc 08:00 01/06/2026. Vui lòng có mặt đúng giờ.',0,'2026-05-30 12:23:38'),(31,4,'Lịch hẹn mới','Bệnh nhân Tất Văn Long vừa đặt lịch khám với bạn vào lúc 08:00 01/06/2026.',0,'2026-05-30 12:23:44'),(32,60,'Thanh toán thành công','Bạn đã thanh toán thành công 210000.00 VND. Mã giao dịch: BANKING-2658071B.',0,'2026-05-30 12:23:46'),(33,34,'Nhắc lịch hẹn khám bệnh','Bạn có lịch khám với bác sĩ Lê Minh Cường vào lúc 09:00 03/06/2026. Vui lòng có mặt đúng giờ.',1,'2026-05-30 18:06:14'),(34,2,'Lịch hẹn mới','Bệnh nhân Nguyen Anh Thu vừa đặt lịch khám với bạn vào lúc 09:00 03/06/2026.',1,'2026-05-30 18:06:24'),(35,34,'Thanh toán thành công','Bạn đã thanh toán thành công 200000.00 VND. Mã giao dịch: BANKING-6774CC10.',1,'2026-05-30 18:06:28'),(36,34,'Đơn thuốc đã sẵn sàng','Đơn thuốc của bạn (do Bác sĩ Phạm Ngọc Lan kê) đã được dược sĩ xác nhận cấp phát. Vui lòng đến quầy dược để nhận thuốc.',1,'2026-05-30 10:00:00'),(37,60,'Đơn thuốc đã hết hạn thanh toán','Đơn thuốc ngày 29/05/2026 của bạn đã hết thời hạn thanh toán (30 phút). Vui lòng liên hệ bác sĩ để được kê đơn lại.',1,'2026-05-29 15:05:00'),(38,35,'Đơn thuốc chờ thanh toán','Bạn có đơn thuốc được kê ngày 27/05/2026. Vui lòng thanh toán trong thời gian quy định để nhận thuốc.',1,'2026-05-27 09:30:00'),(39,37,'Nhắc lịch hẹn khám bệnh','Bạn có lịch khám với bác sĩ Đỗ Minh Trí vào lúc 09:00 03/06/2026. Vui lòng có mặt đúng giờ.',0,'2026-05-31 14:24:36'),(40,28,'Lịch hẹn mới','Bệnh nhân Phạm Quốc Bảo vừa đặt lịch khám với bạn vào lúc 09:00 03/06/2026.',0,'2026-05-31 14:24:36'),(41,37,'Thanh toán thành công','Bạn đã thanh toán thành công 235000.00 VND. Mã giao dịch: BANKING-54B116DD.',0,'2026-05-31 14:24:39'),(42,37,'Nhắc lịch hẹn khám bệnh','Bạn có lịch khám với bác sĩ Trịnh Mỹ Linh vào lúc 10:00 04/06/2026. Vui lòng có mặt đúng giờ.',0,'2026-05-31 14:25:05'),(43,21,'Lịch hẹn mới','Bệnh nhân Phạm Quốc Bảo vừa đặt lịch khám với bạn vào lúc 10:00 04/06/2026.',0,'2026-05-31 14:25:10'),(44,37,'Thanh toán thành công','Bạn đã thanh toán thành công 260000.00 VND. Mã giao dịch: BANKING-73E13188.',1,'2026-05-31 14:25:12'),(45,34,'Đơn thuốc đã sẵn sàng!','Đơn thuốc của bạn do bác sĩ Lê Minh Cường kê, đã được dược sĩ cấp nhận cấp phát. Vui lòng đến quầy thuốc để nhận thuốc.',1,'2026-05-31 14:50:51'),(46,37,'Đơn thuốc đã sẵn sàng!','Đơn thuốc của bạn do bác sĩ Trịnh Mỹ Linh kê, đã được dược sĩ cấp nhận cấp phát. Vui lòng đến quầy thuốc để nhận thuốc.',0,'2026-05-31 14:51:00'),(47,68,'Nhắc lịch hẹn khám bệnh','Bạn có lịch khám với bác sĩ Lê Khánh Vân vào lúc 10:00 04/06/2026. Vui lòng có mặt đúng giờ.',1,'2026-05-31 14:55:53'),(48,29,'Lịch hẹn mới','Bệnh nhân Tất Văn Long vừa đặt lịch khám với bạn vào lúc 10:00 04/06/2026.',0,'2026-05-31 14:55:57'),(49,68,'Thanh toán thành công','Bạn đã thanh toán thành công 240000.00 VND. Mã giao dịch: BANKING-F9E2DF16.',1,'2026-05-31 14:55:59'),(50,68,'Nhắc lịch hẹn khám bệnh','Bạn có lịch khám với bác sĩ Võ Hà Giang vào lúc 11:00 02/06/2026. Vui lòng có mặt đúng giờ.',0,'2026-05-31 14:59:39'),(51,18,'Lịch hẹn mới','Bệnh nhân Tất Văn Long vừa đặt lịch khám với bạn vào lúc 11:00 02/06/2026.',0,'2026-05-31 14:59:43'),(52,68,'Thanh toán thành công','Bạn đã thanh toán thành công 220000.00 VND. Mã giao dịch: BANKING-F70B344A.',0,'2026-05-31 14:59:45'),(53,68,'Nhắc lịch hẹn khám bệnh','Bạn có lịch khám với bác sĩ Phạm Ngọc Lan vào lúc 09:00 02/06/2026. Vui lòng có mặt đúng giờ.',0,'2026-05-31 15:06:29'),(54,5,'Lịch hẹn mới','Bệnh nhân Tất Văn Long vừa đặt lịch khám với bạn vào lúc 09:00 02/06/2026.',0,'2026-05-31 15:06:33'),(55,68,'Thanh toán thành công','Bạn đã thanh toán thành công 250000.00 VND. Mã giao dịch: BANKING-E0108F0D.',0,'2026-05-31 15:06:35'),(56,68,'Đơn thuốc đã sẵn sàng!','Đơn thuốc của bạn do bác sĩ Phạm Ngọc Lan kê, đã được dược sĩ cấp nhận cấp phát. Vui lòng đến quầy thuốc để nhận thuốc.',1,'2026-05-31 15:07:42'),(57,68,'Nhắc lịch hẹn khám bệnh','Bạn có lịch khám với bác sĩ Nguyễn Bảo Kim vào lúc 09:00 04/06/2026. Vui lòng có mặt đúng giờ.',0,'2026-05-31 15:17:13'),(58,20,'Lịch hẹn mới','Bệnh nhân Tất Văn Long vừa đặt lịch khám với bạn vào lúc 09:00 04/06/2026.',0,'2026-05-31 15:17:18'),(59,68,'Thanh toán thành công','Bạn đã thanh toán thành công 255000.00 VND. Mã giao dịch: BANKING-96FF1E23.',0,'2026-05-31 15:17:20'),(60,68,'Đơn thuốc đã hết hạn thanh toán','Đơn thuốc của bạn đã hết thời hạn thanh toán lúc 15:20:12 31/05/2026 và bị hủy. Vui lòng liên hệ bác sĩ để được kê đơn lại.',0,'2026-05-31 15:20:20'),(61,68,'Nhắc lịch hẹn khám bệnh','Bạn có lịch khám với bác sĩ Võ Hà Giang vào lúc 11:00 04/06/2026. Vui lòng có mặt đúng giờ.',0,'2026-05-31 15:20:49'),(62,18,'Lịch hẹn mới','Bệnh nhân Tất Văn Long vừa đặt lịch khám với bạn vào lúc 11:00 04/06/2026.',0,'2026-05-31 15:20:52'),(63,36,'Đơn thuốc đã sẵn sàng!','Đơn thuốc của bạn do bác sĩ Trần Minh Quân kê, đã được dược sĩ cấp nhận cấp phát. Vui lòng đến quầy thuốc để nhận thuốc.',1,'2026-05-31 15:21:05'),(64,36,'Nhắc lịch hẹn khám bệnh','Bạn có lịch khám với bác sĩ Nguyễn Bảo Kim vào lúc 13:00 04/06/2026. Vui lòng có mặt đúng giờ.',0,'2026-05-31 15:23:28'),(65,20,'Lịch hẹn mới','Bệnh nhân Lê Thảo Vy vừa đặt lịch khám với bạn vào lúc 13:00 04/06/2026.',0,'2026-05-31 15:23:28'),(66,36,'Thanh toán thành công','Bạn đã thanh toán thành công 255000.00 VND. Mã giao dịch: BANKING-8E12C247.',0,'2026-05-31 15:23:30'),(67,36,'Đơn thuốc đã hết hạn thanh toán','Đơn thuốc của bạn đã hết thời hạn thanh toán lúc 15:26:44 31/05/2026 và bị hủy. Vui lòng liên hệ bác sĩ để được kê đơn lại.',0,'2026-05-31 15:27:01'),(68,36,'Nhắc lịch hẹn khám bệnh','Bạn có lịch khám với bác sĩ Trịnh Mỹ Linh vào lúc 11:00 04/06/2026. Vui lòng có mặt đúng giờ.',0,'2026-05-31 15:29:43'),(69,21,'Lịch hẹn mới','Bệnh nhân Lê Thảo Vy vừa đặt lịch khám với bạn vào lúc 11:00 04/06/2026.',0,'2026-05-31 15:29:43'),(70,36,'Thanh toán thành công','Bạn đã thanh toán thành công 260000.00 VND. Mã giao dịch: BANKING-8541F555.',0,'2026-05-31 15:29:46'),(71,36,'Đơn thuốc đã hết hạn thanh toán','Đơn thuốc của bạn đã hết thời hạn thanh toán lúc 15:31:14 31/05/2026 và bị hủy. Vui lòng liên hệ bác sĩ để được kê đơn lại.',0,'2026-05-31 15:32:01'),(72,36,'Nhắc lịch hẹn khám bệnh','Bạn có lịch khám với bác sĩ Phạm Anh Duy vào lúc 10:00 04/06/2026. Vui lòng có mặt đúng giờ.',0,'2026-05-31 15:40:12'),(73,17,'Lịch hẹn mới','Bệnh nhân Lê Thảo Vy vừa đặt lịch khám với bạn vào lúc 10:00 04/06/2026.',0,'2026-05-31 15:40:12'),(74,36,'Thanh toán thành công','Bạn đã thanh toán thành công 230000.00 VND. Mã giao dịch: BANKING-AEC1662D.',0,'2026-05-31 15:40:14'),(75,36,'Đơn thuốc đã hết hạn thanh toán','Đơn thuốc của bạn đã hết thời hạn thanh toán lúc 15:41:46 31/05/2026 và bị hủy. Vui lòng liên hệ bác sĩ để được kê đơn lại.',0,'2026-05-31 16:10:49'),(76,34,'Nhắc lịch hẹn khám bệnh','Bạn có lịch khám với bác sĩ Lê Minh Châu vào lúc 10:00 03/06/2026. Vui lòng có mặt đúng giờ.',1,'2026-05-31 16:11:26'),(77,16,'Lịch hẹn mới','Bệnh nhân Nguyen Anh Thu vừa đặt lịch khám với bạn vào lúc 10:00 03/06/2026.',0,'2026-05-31 16:11:32'),(78,34,'Thanh toán thành công','Bạn đã thanh toán thành công 225000.00 VND. Mã giao dịch: BANKING-AE5253BA.',1,'2026-05-31 16:11:34'),(79,34,'Đơn thuốc đã hết hạn thanh toán','Đơn thuốc của bạn đã hết thời hạn thanh toán lúc 16:13:22 31/05/2026 và bị hủy. Vui lòng liên hệ bác sĩ để được kê đơn lại.',1,'2026-05-31 16:14:02'),(80,34,'Nhắc lịch hẹn khám bệnh','Bạn có lịch khám với bác sĩ Hoàng Bảo Yến vào lúc 11:00 04/06/2026. Vui lòng có mặt đúng giờ.',1,'2026-05-31 16:43:53'),(81,9,'Lịch hẹn mới','Bệnh nhân Nguyen Anh Thu vừa đặt lịch khám với bạn vào lúc 11:00 04/06/2026.',0,'2026-05-31 16:43:57'),(82,34,'Thanh toán thành công','Bạn đã thanh toán thành công 230000.00 VND. Mã giao dịch: BANKING-95CB449A.',1,'2026-05-31 16:44:00'),(83,34,'Đơn thuốc đã hết hạn thanh toán','Đơn thuốc của bạn đã hết thời hạn thanh toán lúc 16:45:40 31/05/2026 và bị hủy. Vui lòng liên hệ bác sĩ để được kê đơn lại.',1,'2026-05-31 16:45:43'),(84,34,'Nhắc lịch hẹn khám bệnh','Bạn có lịch khám với bác sĩ Trần Minh Quân vào lúc 15:00 04/06/2026. Vui lòng có mặt đúng giờ.',1,'2026-05-31 16:49:17'),(85,4,'Lịch hẹn mới','Bệnh nhân Nguyen Anh Thu vừa đặt lịch khám với bạn vào lúc 15:00 04/06/2026.',0,'2026-05-31 16:49:22'),(86,34,'Thanh toán thành công','Bạn đã thanh toán thành công 210000.00 VND. Mã giao dịch: BANKING-AC311864.',1,'2026-05-31 16:49:29'),(87,34,'Đơn thuốc đã hết hạn thanh toán','Đơn thuốc của bạn đã hết thời hạn thanh toán lúc 16:52:08 31/05/2026 và bị hủy. Vui lòng liên hệ bác sĩ để được kê đơn lại.',1,'2026-05-31 16:52:14'),(88,34,'Nhắc lịch hẹn khám bệnh','Bạn có lịch khám với bác sĩ Trịnh Mỹ Linh vào lúc 08:00 04/06/2026. Vui lòng có mặt đúng giờ.',1,'2026-05-31 16:55:57'),(89,21,'Lịch hẹn mới','Bệnh nhân Nguyen Anh Thu vừa đặt lịch khám với bạn vào lúc 08:00 04/06/2026.',0,'2026-05-31 16:56:01'),(90,34,'Thanh toán thành công','Bạn đã thanh toán thành công 260000.00 VND. Mã giao dịch: BANKING-736301DB.',1,'2026-05-31 16:56:03'),(91,34,'Bác sĩ vừa kê đơn thuốc cho bạn!','Bác sĩ Trịnh Mỹ Linh vừa kê đơn thuốc cho bạn. Vui lòng vào mục Lịch sử khám bệnh để xem và thanh toán trước 16:58:11 31/05/2026 để tránh bị hủy đơn.',1,'2026-05-31 16:57:11'),(92,34,'Đơn thuốc đã hết hạn thanh toán','Đơn thuốc của bạn đã hết thời hạn thanh toán lúc 16:58:11 31/05/2026 và bị hủy. Vui lòng liên hệ bác sĩ để được kê đơn lại.',1,'2026-05-31 16:58:15');
/*!40000 ALTER TABLE `notifications` ENABLE KEYS */;
UNLOCK TABLES;

--
-- Table structure for table `patients`
--

DROP TABLE IF EXISTS `patients`;
/*!40101 SET @saved_cs_client     = @@character_set_client */;
/*!50503 SET character_set_client = utf8mb4 */;
CREATE TABLE `patients` (
  `id` int NOT NULL AUTO_INCREMENT,
  `user_id` int NOT NULL,
  `date_of_birth` datetime DEFAULT NULL,
  `gender` enum('MALE','FEMALE','OTHER') DEFAULT NULL,
  `address` varchar(500) CHARACTER SET utf8mb3 COLLATE utf8mb3_general_ci DEFAULT NULL,
  PRIMARY KEY (`id`),
  UNIQUE KEY `user_id` (`user_id`),
  CONSTRAINT `fk_patients_user` FOREIGN KEY (`user_id`) REFERENCES `users` (`id`) ON DELETE CASCADE
) ENGINE=InnoDB AUTO_INCREMENT=29 DEFAULT CHARSET=utf8mb4 COLLATE=utf8mb4_0900_ai_ci;
/*!40101 SET character_set_client = @saved_cs_client */;

--
-- Dumping data for table `patients`
--

LOCK TABLES `patients` WRITE;
/*!40000 ALTER TABLE `patients` DISABLE KEYS */;
INSERT INTO `patients` VALUES (1,3,'2005-08-15 00:00:00','MALE','TP. Hồ Chí Minh'),(3,34,'2012-09-10 00:00:00','FEMALE','Quận 6 HCM'),(4,35,'1998-03-21 00:00:00','MALE','Thủ Đức, TP. Hồ Chí Minh'),(5,36,'1987-11-05 00:00:00','FEMALE','Biên Hòa, Đồng Nai'),(6,37,'1974-01-15 00:00:00','MALE','Mỹ Tho, Tiền Giang'),(7,38,'1962-07-30 00:00:00','FEMALE','Bến Lức, Long An'),(8,39,'2001-12-02 00:00:00','OTHER','Ninh Kiều, Cần Thơ'),(23,60,'2026-05-01 00:00:00','MALE','Đại học Mở'),(28,68,'2026-05-30 00:00:00','FEMALE','Quận 6');
/*!40000 ALTER TABLE `patients` ENABLE KEYS */;
UNLOCK TABLES;

--
-- Table structure for table `payments`
--

DROP TABLE IF EXISTS `payments`;
/*!40101 SET @saved_cs_client     = @@character_set_client */;
/*!50503 SET character_set_client = utf8mb4 */;
CREATE TABLE `payments` (
  `id` int NOT NULL AUTO_INCREMENT,
  `amount` decimal(12,2) NOT NULL,
  `method` enum('MOMO','BANKING') NOT NULL DEFAULT 'MOMO',
  `status` enum('PENDING','COMPLETED','FAILED') NOT NULL DEFAULT 'PENDING',
  `transaction_id` varchar(255) DEFAULT NULL COMMENT 'Mã giao dịch từ cổng thanh toán',
  `description` varchar(500) CHARACTER SET utf8mb3 COLLATE utf8mb3_general_ci DEFAULT NULL,
  `ngay_tao` datetime NOT NULL,
  `qr_url` varchar(500) DEFAULT NULL,
  PRIMARY KEY (`id`)
) ENGINE=InnoDB AUTO_INCREMENT=43 DEFAULT CHARSET=utf8mb4 COLLATE=utf8mb4_0900_ai_ci;
/*!40101 SET character_set_client = @saved_cs_client */;

--
-- Dumping data for table `payments`
--

LOCK TABLES `payments` WRITE;
/*!40000 ALTER TABLE `payments` DISABLE KEYS */;
INSERT INTO `payments` VALUES (21,210000.00,'BANKING','COMPLETED','BANKING-2658071B','Thanh toán khám bệnh - Lịch hẹn #31','2026-05-30 12:23:44','https://img.vietqr.io/image/TCB-1234567890-compact2.png?amount=210000.00&addInfo=Thanh+to%C3%A1n+kh%C3%A1m+b%E1%BB%87nh+-+L%E1%BB%8Bch+h%E1%BA%B9n+%2331&accountName=PHONG+KHAM+TH+VL'),(22,200000.00,'BANKING','COMPLETED','BANKING-6774CC10','Thanh toán khám bệnh - Lịch hẹn #32','2026-05-30 18:06:25','https://img.vietqr.io/image/TCB-1234567890-compact2.png?amount=200000.00&addInfo=Thanh+to%C3%A1n+kh%C3%A1m+b%E1%BB%87nh+-+L%E1%BB%8Bch+h%E1%BA%B9n+%2332&accountName=PHONG+KHAM+TH+VL'),(23,235000.00,'BANKING','COMPLETED','BANKING-54B116DD','Thanh toán khám bệnh - Lịch hẹn #37','2026-05-31 14:24:36','https://img.vietqr.io/image/TCB-1234567890-compact2.png?amount=235000.00&addInfo=Thanh+to%C3%A1n+kh%C3%A1m+b%E1%BB%87nh+-+L%E1%BB%8Bch+h%E1%BA%B9n+%2337&accountName=PHONG+KHAM+TH+VL'),(24,260000.00,'BANKING','COMPLETED','BANKING-73E13188','Thanh toán khám bệnh - Lịch hẹn #38','2026-05-31 14:25:10','https://img.vietqr.io/image/TCB-1234567890-compact2.png?amount=260000.00&addInfo=Thanh+to%C3%A1n+kh%C3%A1m+b%E1%BB%87nh+-+L%E1%BB%8Bch+h%E1%BA%B9n+%2338&accountName=PHONG+KHAM+TH+VL'),(25,18400.00,'BANKING','COMPLETED','MEDICINE-4611E29B','Thanh toán đơn thuốc #32','2026-05-31 14:37:00','https://img.vietqr.io/image/TCB-1234567890-compact2.png?amount=18400.00&addInfo=Thanh+to%C3%A1n+%C4%91%C6%A1n+thu%E1%BB%91c+%2332&accountName=PHONG+KHAM+TH+VL'),(26,240000.00,'BANKING','COMPLETED','BANKING-F9E2DF16','Thanh toán khám bệnh - Lịch hẹn #39','2026-05-31 14:55:57','https://img.vietqr.io/image/TCB-1234567890-compact2.png?amount=240000.00&addInfo=Thanh+to%C3%A1n+kh%C3%A1m+b%E1%BB%87nh+-+L%E1%BB%8Bch+h%E1%BA%B9n+%2339&accountName=PHONG+KHAM+TH+VL'),(27,11600.00,'BANKING','PENDING','MEDICINE-1860EBDE','Thanh toán đơn thuốc #33','2026-05-31 14:57:16','https://img.vietqr.io/image/TCB-1234567890-compact2.png?amount=11600.00&addInfo=Thanh+to%C3%A1n+%C4%91%C6%A1n+thu%E1%BB%91c+%2333&accountName=PHONG+KHAM+TH+VL'),(28,220000.00,'BANKING','COMPLETED','BANKING-F70B344A','Thanh toán khám bệnh - Lịch hẹn #40','2026-05-31 14:59:43','https://img.vietqr.io/image/TCB-1234567890-compact2.png?amount=220000.00&addInfo=Thanh+to%C3%A1n+kh%C3%A1m+b%E1%BB%87nh+-+L%E1%BB%8Bch+h%E1%BA%B9n+%2340&accountName=PHONG+KHAM+TH+VL'),(29,21000.00,'BANKING','PENDING','MEDICINE-3B521024','Thanh toán đơn thuốc #34','2026-05-31 15:02:11','https://img.vietqr.io/image/TCB-1234567890-compact2.png?amount=21000.00&addInfo=Thanh+to%C3%A1n+%C4%91%C6%A1n+thu%E1%BB%91c+%2334&accountName=PHONG+KHAM+TH+VL'),(30,21000.00,'BANKING','PENDING','MEDICINE-18CB45C9','Thanh toán đơn thuốc #34','2026-05-31 15:02:11','https://img.vietqr.io/image/TCB-1234567890-compact2.png?amount=21000.00&addInfo=Thanh+to%C3%A1n+%C4%91%C6%A1n+thu%E1%BB%91c+%2334&accountName=PHONG+KHAM+TH+VL'),(31,21000.00,'BANKING','PENDING','MEDICINE-70306C5A','Thanh toán đơn thuốc #34','2026-05-31 15:02:17','https://img.vietqr.io/image/TCB-1234567890-compact2.png?amount=21000.00&addInfo=Thanh+to%C3%A1n+%C4%91%C6%A1n+thu%E1%BB%91c+%2334&accountName=PHONG+KHAM+TH+VL'),(32,21000.00,'BANKING','PENDING','MEDICINE-954B7923','Thanh toán đơn thuốc #34','2026-05-31 15:02:17','https://img.vietqr.io/image/TCB-1234567890-compact2.png?amount=21000.00&addInfo=Thanh+to%C3%A1n+%C4%91%C6%A1n+thu%E1%BB%91c+%2334&accountName=PHONG+KHAM+TH+VL'),(33,250000.00,'BANKING','COMPLETED','BANKING-E0108F0D','Thanh toán khám bệnh - Lịch hẹn #41','2026-05-31 15:06:33','https://img.vietqr.io/image/TCB-1234567890-compact2.png?amount=250000.00&addInfo=Thanh+to%C3%A1n+kh%C3%A1m+b%E1%BB%87nh+-+L%E1%BB%8Bch+h%E1%BA%B9n+%2341&accountName=PHONG+KHAM+TH+VL'),(34,3000.00,'BANKING','COMPLETED','MEDICINE-8AA5FC57','Thanh toán đơn thuốc #35','2026-05-31 15:07:22','https://img.vietqr.io/image/TCB-1234567890-compact2.png?amount=3000.00&addInfo=Thanh+to%C3%A1n+%C4%91%C6%A1n+thu%E1%BB%91c+%2335&accountName=PHONG+KHAM+TH+VL'),(35,255000.00,'BANKING','COMPLETED','BANKING-96FF1E23','Thanh toán khám bệnh - Lịch hẹn #42','2026-05-31 15:17:18','https://img.vietqr.io/image/TCB-1234567890-compact2.png?amount=255000.00&addInfo=Thanh+to%C3%A1n+kh%C3%A1m+b%E1%BB%87nh+-+L%E1%BB%8Bch+h%E1%BA%B9n+%2342&accountName=PHONG+KHAM+TH+VL'),(36,255000.00,'BANKING','COMPLETED','BANKING-8E12C247','Thanh toán khám bệnh - Lịch hẹn #44','2026-05-31 15:23:29','https://img.vietqr.io/image/TCB-1234567890-compact2.png?amount=255000.00&addInfo=Thanh+to%C3%A1n+kh%C3%A1m+b%E1%BB%87nh+-+L%E1%BB%8Bch+h%E1%BA%B9n+%2344&accountName=PHONG+KHAM+TH+VL'),(37,260000.00,'BANKING','COMPLETED','BANKING-8541F555','Thanh toán khám bệnh - Lịch hẹn #45','2026-05-31 15:29:44','https://img.vietqr.io/image/TCB-1234567890-compact2.png?amount=260000.00&addInfo=Thanh+to%C3%A1n+kh%C3%A1m+b%E1%BB%87nh+-+L%E1%BB%8Bch+h%E1%BA%B9n+%2345&accountName=PHONG+KHAM+TH+VL'),(38,230000.00,'BANKING','COMPLETED','BANKING-AEC1662D','Thanh toán khám bệnh - Lịch hẹn #46','2026-05-31 15:40:13','https://img.vietqr.io/image/TCB-1234567890-compact2.png?amount=230000.00&addInfo=Thanh+to%C3%A1n+kh%C3%A1m+b%E1%BB%87nh+-+L%E1%BB%8Bch+h%E1%BA%B9n+%2346&accountName=PHONG+KHAM+TH+VL'),(39,225000.00,'BANKING','COMPLETED','BANKING-AE5253BA','Thanh toán khám bệnh - Lịch hẹn #47','2026-05-31 16:11:32','https://img.vietqr.io/image/TCB-1234567890-compact2.png?amount=225000.00&addInfo=Thanh+to%C3%A1n+kh%C3%A1m+b%E1%BB%87nh+-+L%E1%BB%8Bch+h%E1%BA%B9n+%2347&accountName=PHONG+KHAM+TH+VL'),(40,230000.00,'BANKING','COMPLETED','BANKING-95CB449A','Thanh toán khám bệnh - Lịch hẹn #48','2026-05-31 16:43:57','https://img.vietqr.io/image/TCB-1234567890-compact2.png?amount=230000.00&addInfo=Thanh+to%C3%A1n+kh%C3%A1m+b%E1%BB%87nh+-+L%E1%BB%8Bch+h%E1%BA%B9n+%2348&accountName=PHONG+KHAM+TH+VL'),(41,210000.00,'BANKING','COMPLETED','BANKING-AC311864','Thanh toán khám bệnh - Lịch hẹn #49','2026-05-31 16:49:27','https://img.vietqr.io/image/TCB-1234567890-compact2.png?amount=210000.00&addInfo=Thanh+to%C3%A1n+kh%C3%A1m+b%E1%BB%87nh+-+L%E1%BB%8Bch+h%E1%BA%B9n+%2349&accountName=PHONG+KHAM+TH+VL'),(42,260000.00,'BANKING','COMPLETED','BANKING-736301DB','Thanh toán khám bệnh - Lịch hẹn #50','2026-05-31 16:56:01','https://img.vietqr.io/image/TCB-1234567890-compact2.png?amount=260000.00&addInfo=Thanh+to%C3%A1n+kh%C3%A1m+b%E1%BB%87nh+-+L%E1%BB%8Bch+h%E1%BA%B9n+%2350&accountName=PHONG+KHAM+TH+VL');
/*!40000 ALTER TABLE `payments` ENABLE KEYS */;
UNLOCK TABLES;

--
-- Table structure for table `prescription_items`
--

DROP TABLE IF EXISTS `prescription_items`;
/*!40101 SET @saved_cs_client     = @@character_set_client */;
/*!50503 SET character_set_client = utf8mb4 */;
CREATE TABLE `prescription_items` (
  `id` int NOT NULL AUTO_INCREMENT,
  `prescription_id` int NOT NULL,
  `medicine_id` int NOT NULL,
  `quantity` int NOT NULL COMMENT 'Số lượng thuốc',
  `dosage` varchar(100) CHARACTER SET utf8mb3 COLLATE utf8mb3_general_ci NOT NULL COMMENT 'Liều dùng: 1 viên, 5ml...',
  `duration_days` int NOT NULL COMMENT 'Số ngày sử dụng',
  `instructions` varchar(500) CHARACTER SET utf8mb3 COLLATE utf8mb3_general_ci DEFAULT NULL COMMENT 'Hướng dẫn thêm: uống sau ăn...',
  `unit_price` decimal(12,2) NOT NULL DEFAULT '0.00',
  PRIMARY KEY (`id`),
  KEY `fk_presc_item_prescription` (`prescription_id`),
  KEY `fk_presc_item_medicine` (`medicine_id`),
  CONSTRAINT `fk_presc_item_medicine` FOREIGN KEY (`medicine_id`) REFERENCES `medicines` (`id`) ON DELETE RESTRICT,
  CONSTRAINT `fk_presc_item_prescription` FOREIGN KEY (`prescription_id`) REFERENCES `prescriptions` (`id`) ON DELETE CASCADE
) ENGINE=InnoDB AUTO_INCREMENT=46 DEFAULT CHARSET=utf8mb4 COLLATE=utf8mb4_0900_ai_ci;
/*!40101 SET character_set_client = @saved_cs_client */;

--
-- Dumping data for table `prescription_items`
--

LOCK TABLES `prescription_items` WRITE;
/*!40000 ALTER TABLE `prescription_items` DISABLE KEYS */;
INSERT INTO `prescription_items` VALUES (21,27,3,3,'qư',1,'qư',3000.00),(22,28,1,20,'2 viên/lần, 3 lần/ngày',3,'Uống sau khi ăn no, uống kèm nhiều nước',1500.00),(23,28,8,30,'1 viên/lần, 1 lần/ngày',30,'Uống vào buổi sáng',800.00),(24,29,10,6,'1 viên/lần, 1 lần/ngày',5,'Uống sau khi ăn, không bỏ liều kháng sinh',5000.00),(25,29,5,10,'1 viên/lần, 2 lần/ngày',5,'Uống sau khi ăn no',2000.00),(26,30,9,14,'1 viên/lần, 1 lần/ngày',14,'Uống trước khi ngủ để tránh buồn ngủ ban ngày',2200.00),(27,31,6,30,'1 viên/lần, 2 lần/ngày',15,'Uống trước bữa ăn sáng và tối 30 phút',3500.00),(28,31,8,30,'1 viên/lần, 1 lần/ngày',30,'Uống vào buổi sáng',800.00),(29,32,9,2,'1 a',1,'Uống sau ăn',2200.00),(30,32,10,2,'2 b',1,'Uống sau ăn',5000.00),(31,32,5,2,'3 c',1,'Uống sau ăn',2000.00),(32,33,10,1,'a1',1,'a',5000.00),(33,33,9,3,'23',1,'á',2200.00),(34,34,1,3,'12',1,'a',1500.00),(35,34,2,3,'12',1,'c',2500.00),(36,34,3,3,'a',1,'s',3000.00),(37,35,3,1,'s',1,'s',3000.00),(38,36,3,3,'ádd',1,'2asđ',3000.00),(39,37,3,1,'s',1,'s',3000.00),(40,38,3,1,'s',1,'s',3000.00),(41,39,3,1,'s',1,'s',3000.00),(42,40,3,1,'s',1,'s',3000.00),(43,41,3,1,'s',1,'s',3000.00),(44,42,2,1,'s',1,'s',2500.00),(45,43,3,1,'ss',1,'ss',3000.00);
/*!40000 ALTER TABLE `prescription_items` ENABLE KEYS */;
UNLOCK TABLES;

--
-- Table structure for table `prescription_reservations`
--

DROP TABLE IF EXISTS `prescription_reservations`;
/*!40101 SET @saved_cs_client     = @@character_set_client */;
/*!50503 SET character_set_client = utf8mb4 */;
CREATE TABLE `prescription_reservations` (
  `id` int NOT NULL AUTO_INCREMENT,
  `prescription_id` int NOT NULL,
  `patient_id` int NOT NULL,
  `doctor_id` int NOT NULL,
  `reserved_at` datetime NOT NULL DEFAULT CURRENT_TIMESTAMP,
  `expires_at` datetime NOT NULL,
  `is_paid` tinyint(1) NOT NULL DEFAULT '0',
  `is_expired` tinyint(1) NOT NULL DEFAULT '0',
  `is_dispensed` tinyint(1) NOT NULL DEFAULT '0',
  PRIMARY KEY (`id`),
  UNIQUE KEY `prescription_id` (`prescription_id`),
  KEY `fk_res_patient` (`patient_id`),
  KEY `fk_res_doctor` (`doctor_id`),
  CONSTRAINT `fk_res_doctor` FOREIGN KEY (`doctor_id`) REFERENCES `doctors` (`id`),
  CONSTRAINT `fk_res_patient` FOREIGN KEY (`patient_id`) REFERENCES `patients` (`id`),
  CONSTRAINT `fk_res_prescription` FOREIGN KEY (`prescription_id`) REFERENCES `prescriptions` (`id`) ON DELETE CASCADE
) ENGINE=InnoDB AUTO_INCREMENT=18 DEFAULT CHARSET=utf8mb4 COLLATE=utf8mb4_0900_ai_ci;
/*!40101 SET character_set_client = @saved_cs_client */;

--
-- Dumping data for table `prescription_reservations`
--

LOCK TABLES `prescription_reservations` WRITE;
/*!40000 ALTER TABLE `prescription_reservations` DISABLE KEYS */;
INSERT INTO `prescription_reservations` VALUES (1,27,3,1,'2026-05-30 18:35:40','2026-05-30 19:05:40',1,0,1),(2,28,4,1,'2026-05-27 09:30:00','2099-12-31 23:59:59',0,0,0),(3,29,5,3,'2026-05-28 10:30:00','2026-05-28 11:00:00',1,0,1),(4,30,23,2,'2026-05-29 14:30:00','2026-05-29 15:00:00',0,1,0),(5,31,3,4,'2026-05-30 08:30:00','2026-05-30 09:00:00',1,0,1),(6,32,6,18,'2026-05-31 14:35:51','2026-05-31 15:05:51',1,0,1),(7,33,28,26,'2026-05-31 14:56:45','2026-05-31 14:57:45',0,1,0),(8,34,28,15,'2026-05-31 15:01:09','2026-05-31 15:02:09',0,1,0),(9,35,28,4,'2026-05-31 15:07:05','2026-05-31 15:08:05',1,0,1),(10,36,28,17,'2026-05-31 15:19:12','2026-05-31 15:20:12',0,1,0),(11,37,5,17,'2026-05-31 15:25:44','2026-05-31 15:26:44',0,1,0),(12,38,5,18,'2026-05-31 15:30:14','2026-05-31 15:31:14',0,1,0),(13,39,5,14,'2026-05-31 15:40:46','2026-05-31 15:41:46',0,1,0),(14,40,3,13,'2026-05-31 16:12:22','2026-05-31 16:13:22',0,1,0),(15,41,3,8,'2026-05-31 16:44:40','2026-05-31 16:45:40',0,1,0),(16,42,3,1,'2026-05-31 16:51:08','2026-05-31 16:52:08',0,1,0),(17,43,3,18,'2026-05-31 16:57:11','2026-05-31 16:58:11',0,1,0);
/*!40000 ALTER TABLE `prescription_reservations` ENABLE KEYS */;
UNLOCK TABLES;

--
-- Table structure for table `prescriptions`
--

DROP TABLE IF EXISTS `prescriptions`;
/*!40101 SET @saved_cs_client     = @@character_set_client */;
/*!50503 SET character_set_client = utf8mb4 */;
CREATE TABLE `prescriptions` (
  `id` int NOT NULL AUTO_INCREMENT,
  `medical_record_id` int NOT NULL,
  `ngay_tao` datetime NOT NULL,
  `note` varchar(250) CHARACTER SET utf8mb3 COLLATE utf8mb3_general_ci DEFAULT NULL,
  `is_paid` tinyint(1) DEFAULT '0',
  `payment_id` int DEFAULT NULL,
  `is_dispensed` tinyint(1) NOT NULL DEFAULT '0',
  PRIMARY KEY (`id`),
  KEY `fk_prescription_record` (`medical_record_id`),
  KEY `fk_prescription_payment` (`payment_id`),
  CONSTRAINT `fk_prescription_payment` FOREIGN KEY (`payment_id`) REFERENCES `payments` (`id`),
  CONSTRAINT `fk_prescription_record` FOREIGN KEY (`medical_record_id`) REFERENCES `medical_records` (`id`) ON DELETE RESTRICT
) ENGINE=InnoDB AUTO_INCREMENT=44 DEFAULT CHARSET=utf8mb4 COLLATE=utf8mb4_0900_ai_ci;
/*!40101 SET character_set_client = @saved_cs_client */;

--
-- Dumping data for table `prescriptions`
--

LOCK TABLES `prescriptions` WRITE;
/*!40000 ALTER TABLE `prescriptions` DISABLE KEYS */;
INSERT INTO `prescriptions` VALUES (27,16,'2026-05-30 18:35:40','qư',1,NULL,1),(28,17,'2026-05-27 09:30:00','Uống thuốc sau khi ăn, nghỉ ngơi đầy đủ',0,NULL,0),(29,18,'2026-05-28 10:30:00','Uống đúng giờ, đủ liều kháng sinh',1,NULL,1),(30,19,'2026-05-29 14:30:00','Tránh gãi vùng da bị mẩn đỏ',0,NULL,0),(31,20,'2026-05-30 08:30:00','Uống trước bữa ăn 30 phút, không uống lúc đói',1,NULL,1),(32,21,'2026-05-31 14:35:51','Ok',1,25,1),(33,22,'2026-05-31 14:56:45','a',0,27,0),(34,23,'2026-05-31 15:01:09','',0,NULL,0),(35,24,'2026-05-31 15:07:05','s',1,34,1),(36,25,'2026-05-31 15:19:12','',0,NULL,0),(37,26,'2026-05-31 15:25:44','',0,NULL,0),(38,27,'2026-05-31 15:30:14','',0,NULL,0),(39,28,'2026-05-31 15:40:46','s',0,NULL,0),(40,29,'2026-05-31 16:12:22','s',0,NULL,0),(41,30,'2026-05-31 16:44:40','s',0,NULL,0),(42,16,'2026-05-31 16:51:08','',0,NULL,0),(43,32,'2026-05-31 16:57:11','s',0,NULL,0);
/*!40000 ALTER TABLE `prescriptions` ENABLE KEYS */;
UNLOCK TABLES;

--
-- Table structure for table `specialties`
--

DROP TABLE IF EXISTS `specialties`;
/*!40101 SET @saved_cs_client     = @@character_set_client */;
/*!50503 SET character_set_client = utf8mb4 */;
CREATE TABLE `specialties` (
  `id` int NOT NULL AUTO_INCREMENT,
  `name` varchar(100) CHARACTER SET utf8mb3 COLLATE utf8mb3_general_ci NOT NULL,
  `description` text,
  `is_active` tinyint(1) NOT NULL DEFAULT '1',
  PRIMARY KEY (`id`)
) ENGINE=InnoDB AUTO_INCREMENT=11 DEFAULT CHARSET=utf8mb4 COLLATE=utf8mb4_0900_ai_ci;
/*!40101 SET character_set_client = @saved_cs_client */;

--
-- Dumping data for table `specialties`
--

LOCK TABLES `specialties` WRITE;
/*!40000 ALTER TABLE `specialties` DISABLE KEYS */;
INSERT INTO `specialties` VALUES (1,'Nội tổng quát','Khám và điều trị các bệnh nội khoa tổng quát',1),(2,'Nhi khoa','Khám và điều trị cho trẻ em',1),(3,'Da liễu','Khám và điều trị các bệnh về da',1),(4,'Tim mạch','Khám và điều trị bệnh tim mạch',1),(5,'Tai mũi họng','Khám và điều trị các bệnh tai mũi họng',1),(6,'Sản phụ khoa','Khám và theo dõi sức khỏe phụ nữ, thai kỳ và bệnh lý phụ khoa',1),(7,'Chấn thương chỉnh hình','Khám và điều trị bệnh lý xương khớp, cột sống và chấn thương',1),(8,'Thần kinh','Khám và điều trị các bệnh lý thần kinh như đau đầu, chóng mặt, tai biến',1),(9,'Tiêu hóa','Khám và điều trị các bệnh lý dạ dày, gan, ruột và hệ tiêu hóa',1),(10,'Nhãn khoa','Khám và điều trị các bệnh về mắt và thị lực',1);
/*!40000 ALTER TABLE `specialties` ENABLE KEYS */;
UNLOCK TABLES;

--
-- Table structure for table `users`
--

DROP TABLE IF EXISTS `users`;
/*!40101 SET @saved_cs_client     = @@character_set_client */;
/*!50503 SET character_set_client = utf8mb4 */;
CREATE TABLE `users` (
  `id` int NOT NULL AUTO_INCREMENT,
  `username` varchar(255) NOT NULL,
  `password` varchar(255) CHARACTER SET utf8mb3 COLLATE utf8mb3_general_ci NOT NULL,
  `name` varchar(255) CHARACTER SET utf8mb3 COLLATE utf8mb3_general_ci NOT NULL,
  `role` varchar(20) NOT NULL,
  `is_active` tinyint(1) NOT NULL DEFAULT '1',
  `phone` varchar(20) NOT NULL DEFAULT '0123456789',
  `avatar` varchar(255) DEFAULT 'https://res.cloudinary.com/dx4i4a03w/image/upload/v1767614792/restaurant/avatars/uvp1wsa1gsqmcmpnfcev.jpg',
  `email` varchar(255) NOT NULL,
  PRIMARY KEY (`id`),
  UNIQUE KEY `username` (`username`)
) ENGINE=InnoDB AUTO_INCREMENT=69 DEFAULT CHARSET=utf8mb4 COLLATE=utf8mb4_0900_ai_ci;
/*!40101 SET character_set_client = @saved_cs_client */;

--
-- Dumping data for table `users`
--

LOCK TABLES `users` WRITE;
/*!40000 ALTER TABLE `users` DISABLE KEYS */;
INSERT INTO `users` VALUES (1,'admin','$2a$10$cbuUDx4BGEs6GiGjM.VMVuoT2t.UYp1akYZyN42If8P8OKLRM2FU.','Quản trị viên hệ thống','ROLE_ADMIN',1,'0123456789','https://res.cloudinary.com/dx4i4a03w/image/upload/v1767614792/restaurant/avatars/uvp1wsa1gsqmcmpnfcev.jpg',''),(2,'doctor_cuong','$2a$10$cbuUDx4BGEs6GiGjM.VMVuoT2t.UYp1akYZyN42If8P8OKLRM2FU.','Lê Minh Cường','ROLE_DOCTOR',1,'0901000001','https://res.cloudinary.com/dx4i4a03w/image/upload/v1767614792/restaurant/avatars/uvp1wsa1gsqmcmpnfcev.jpg',''),(3,'doctor_ha','$2a$10$cbuUDx4BGEs6GiGjM.VMVuoT2t.UYp1akYZyN42If8P8OKLRM2FU.','Nguyễn Thu Hà','ROLE_DOCTOR',1,'0901000002','https://res.cloudinary.com/dx4i4a03w/image/upload/v1767614792/restaurant/avatars/uvp1wsa1gsqmcmpnfcev.jpg',''),(4,'doctor_quan','$2a$10$VcOBEZFBMFjp0ei77JOX5u8T60UszN3JlCv87fLBj1sZSmnpyaPQi','Trần Minh Quân','ROLE_DOCTOR',1,'0123456789','https://res.cloudinary.com/dx4i4a03w/image/upload/v1767614792/restaurant/avatars/uvp1wsa1gsqmcmpnfcev.jpg','tatlong2506@gmail.com'),(5,'doctor_lan','$2a$10$cbuUDx4BGEs6GiGjM.VMVuoT2t.UYp1akYZyN42If8P8OKLRM2FU.','Phạm Ngọc Lan','ROLE_DOCTOR',1,'0901000004','https://res.cloudinary.com/dx4i4a03w/image/upload/v1767614792/restaurant/avatars/uvp1wsa1gsqmcmpnfcev.jpg',''),(6,'doctor_hung','$2a$10$cbuUDx4BGEs6GiGjM.VMVuoT2t.UYp1akYZyN42If8P8OKLRM2FU.','Võ Gia Hùng','ROLE_DOCTOR',1,'0901000005','https://res.cloudinary.com/dx4i4a03w/image/upload/v1767614792/restaurant/avatars/uvp1wsa1gsqmcmpnfcev.jpg',''),(7,'doctor_tram','$2a$10$cbuUDx4BGEs6GiGjM.VMVuoT2t.UYp1akYZyN42If8P8OKLRM2FU.','Lý Thanh Trâm','ROLE_DOCTOR',1,'0901000006','https://res.cloudinary.com/dx4i4a03w/image/upload/v1767614792/restaurant/avatars/uvp1wsa1gsqmcmpnfcev.jpg',''),(8,'doctor_phuc','$2a$10$cbuUDx4BGEs6GiGjM.VMVuoT2t.UYp1akYZyN42If8P8OKLRM2FU.','Đặng Minh Phúc','ROLE_DOCTOR',1,'0901000007','https://res.cloudinary.com/dx4i4a03w/image/upload/v1767614792/restaurant/avatars/uvp1wsa1gsqmcmpnfcev.jpg',''),(9,'doctor_yen','$2a$10$cbuUDx4BGEs6GiGjM.VMVuoT2t.UYp1akYZyN42If8P8OKLRM2FU.','Hoàng Bảo Yến','ROLE_DOCTOR',1,'0901000008','https://res.cloudinary.com/dx4i4a03w/image/upload/v1767614792/restaurant/avatars/uvp1wsa1gsqmcmpnfcev.jpg',''),(10,'doctor_khanh','$2a$10$cbuUDx4BGEs6GiGjM.VMVuoT2t.UYp1akYZyN42If8P8OKLRM2FU.','Nguyễn Quốc Khánh','ROLE_DOCTOR',1,'0901000009','https://res.cloudinary.com/dx4i4a03w/image/upload/v1767614792/restaurant/avatars/uvp1wsa1gsqmcmpnfcev.jpg',''),(11,'doctor_tam','$2a$10$cbuUDx4BGEs6GiGjM.VMVuoT2t.UYp1akYZyN42If8P8OKLRM2FU.','Phan Đức Tâm','ROLE_DOCTOR',1,'0901000010','https://res.cloudinary.com/dx4i4a03w/image/upload/v1767614792/restaurant/avatars/uvp1wsa1gsqmcmpnfcev.jpg',''),(13,'hung01','$2a$10$cbuUDx4BGEs6GiGjM.VMVuoT2t.UYp1akYZyN42If8P8OKLRM2FU.','Thái Lê Hùng','ROLE_PATIENT',1,'0912000002','https://res.cloudinary.com/dx4i4a03w/image/upload/v1767614792/restaurant/avatars/uvp1wsa1gsqmcmpnfcev.jpg',''),(14,'doctor_an','$2a$10$cbuUDx4BGEs6GiGjM.VMVuoT2t.UYp1akYZyN42If8P8OKLRM2FU.','Nguyễn Hoài An','ROLE_DOCTOR',1,'0902000001','https://res.cloudinary.com/dx4i4a03w/image/upload/v1767614792/restaurant/avatars/uvp1wsa1gsqmcmpnfcev.jpg',''),(15,'doctor_binh','$2a$10$cbuUDx4BGEs6GiGjM.VMVuoT2t.UYp1akYZyN42If8P8OKLRM2FU.','Trần Gia Bình','ROLE_DOCTOR',1,'0902000002','https://res.cloudinary.com/dx4i4a03w/image/upload/v1767614792/restaurant/avatars/uvp1wsa1gsqmcmpnfcev.jpg',''),(16,'doctor_chau','$2a$10$cbuUDx4BGEs6GiGjM.VMVuoT2t.UYp1akYZyN42If8P8OKLRM2FU.','Lê Minh Châu','ROLE_DOCTOR',1,'0902000003','https://res.cloudinary.com/dx4i4a03w/image/upload/v1767614792/restaurant/avatars/uvp1wsa1gsqmcmpnfcev.jpg',''),(17,'doctor_duy','$2a$10$cbuUDx4BGEs6GiGjM.VMVuoT2t.UYp1akYZyN42If8P8OKLRM2FU.','Phạm Anh Duy','ROLE_DOCTOR',1,'0902000004','https://res.cloudinary.com/dx4i4a03w/image/upload/v1767614792/restaurant/avatars/uvp1wsa1gsqmcmpnfcev.jpg',''),(18,'doctor_giang','$2a$10$cbuUDx4BGEs6GiGjM.VMVuoT2t.UYp1akYZyN42If8P8OKLRM2FU.','Võ Hà Giang','ROLE_DOCTOR',1,'0902000005','https://res.cloudinary.com/dx4i4a03w/image/upload/v1767614792/restaurant/avatars/uvp1wsa1gsqmcmpnfcev.jpg',''),(19,'doctor_hai','$2a$10$cbuUDx4BGEs6GiGjM.VMVuoT2t.UYp1akYZyN42If8P8OKLRM2FU.','Đỗ Thanh Hải','ROLE_DOCTOR',1,'0902000006','https://res.cloudinary.com/dx4i4a03w/image/upload/v1767614792/restaurant/avatars/uvp1wsa1gsqmcmpnfcev.jpg',''),(20,'doctor_kim','$2a$10$cbuUDx4BGEs6GiGjM.VMVuoT2t.UYp1akYZyN42If8P8OKLRM2FU.','Nguyễn Bảo Kim','ROLE_DOCTOR',1,'0902000007','https://res.cloudinary.com/dx4i4a03w/image/upload/v1767614792/restaurant/avatars/uvp1wsa1gsqmcmpnfcev.jpg',''),(21,'doctor_linh','$2a$10$cbuUDx4BGEs6GiGjM.VMVuoT2t.UYp1akYZyN42If8P8OKLRM2FU.','Trịnh Mỹ Linh','ROLE_DOCTOR',1,'0902000008','https://res.cloudinary.com/dx4i4a03w/image/upload/v1767614792/restaurant/avatars/uvp1wsa1gsqmcmpnfcev.jpg',''),(22,'doctor_minh','$2a$10$cbuUDx4BGEs6GiGjM.VMVuoT2t.UYp1akYZyN42If8P8OKLRM2FU.','Nguyễn Hoàng Minh','ROLE_DOCTOR',1,'0902000009','https://res.cloudinary.com/dx4i4a03w/image/upload/v1767614792/restaurant/avatars/uvp1wsa1gsqmcmpnfcev.jpg',''),(23,'doctor_nam','$2a$10$cbuUDx4BGEs6GiGjM.VMVuoT2t.UYp1akYZyN42If8P8OKLRM2FU.','Lê Quốc Nam','ROLE_DOCTOR',1,'0902000010','https://res.cloudinary.com/dx4i4a03w/image/upload/v1767614792/restaurant/avatars/uvp1wsa1gsqmcmpnfcev.jpg',''),(24,'doctor_phuong','$2a$10$cbuUDx4BGEs6GiGjM.VMVuoT2t.UYp1akYZyN42If8P8OKLRM2FU.','Phạm Ngọc Phương','ROLE_DOCTOR',1,'0902000011','https://res.cloudinary.com/dx4i4a03w/image/upload/v1767614792/restaurant/avatars/uvp1wsa1gsqmcmpnfcev.jpg',''),(25,'doctor_quynh','$2a$10$cbuUDx4BGEs6GiGjM.VMVuoT2t.UYp1akYZyN42If8P8OKLRM2FU.','Hồ Như Quỳnh','ROLE_DOCTOR',1,'0902000012','https://res.cloudinary.com/dx4i4a03w/image/upload/v1767614792/restaurant/avatars/uvp1wsa1gsqmcmpnfcev.jpg',''),(26,'doctor_son','$2a$10$cbuUDx4BGEs6GiGjM.VMVuoT2t.UYp1akYZyN42If8P8OKLRM2FU.','Trương Đức Sơn','ROLE_DOCTOR',1,'0902000013','https://res.cloudinary.com/dx4i4a03w/image/upload/v1767614792/restaurant/avatars/uvp1wsa1gsqmcmpnfcev.jpg',''),(27,'doctor_thao','$2a$10$cbuUDx4BGEs6GiGjM.VMVuoT2t.UYp1akYZyN42If8P8OKLRM2FU.','Nguyễn Thu Thảo','ROLE_DOCTOR',1,'0902000014','https://res.cloudinary.com/dx4i4a03w/image/upload/v1767614792/restaurant/avatars/uvp1wsa1gsqmcmpnfcev.jpg',''),(28,'doctor_tri','$2a$10$cbuUDx4BGEs6GiGjM.VMVuoT2t.UYp1akYZyN42If8P8OKLRM2FU.','Đỗ Minh Trí','ROLE_DOCTOR',1,'0902000015','https://res.cloudinary.com/dx4i4a03w/image/upload/v1767614792/restaurant/avatars/uvp1wsa1gsqmcmpnfcev.jpg',''),(29,'doctor_van','$2a$10$cbuUDx4BGEs6GiGjM.VMVuoT2t.UYp1akYZyN42If8P8OKLRM2FU.','Lê Khánh Vân','ROLE_DOCTOR',1,'0902000016','https://res.cloudinary.com/dx4i4a03w/image/upload/v1767614792/restaurant/avatars/uvp1wsa1gsqmcmpnfcev.jpg',''),(30,'doctor_viet','$2a$10$cbuUDx4BGEs6GiGjM.VMVuoT2t.UYp1akYZyN42If8P8OKLRM2FU.','Phan Quốc Việt','ROLE_DOCTOR',1,'0902000017','https://res.cloudinary.com/dx4i4a03w/image/upload/v1767614792/restaurant/avatars/uvp1wsa1gsqmcmpnfcev.jpg',''),(31,'doctor_xuan','$2a$10$cbuUDx4BGEs6GiGjM.VMVuoT2t.UYp1akYZyN42If8P8OKLRM2FU.','Trần Minh Xuân','ROLE_DOCTOR',1,'0902000018','https://res.cloudinary.com/dx4i4a03w/image/upload/v1767614792/restaurant/avatars/uvp1wsa1gsqmcmpnfcev.jpg',''),(32,'doctor_yuri','$2a$10$cbuUDx4BGEs6GiGjM.VMVuoT2t.UYp1akYZyN42If8P8OKLRM2FU.','Võ Thanh Yuri','ROLE_DOCTOR',1,'0902000019','https://res.cloudinary.com/dx4i4a03w/image/upload/v1767614792/restaurant/avatars/uvp1wsa1gsqmcmpnfcev.jpg',''),(33,'doctor_zinh','$2a$10$cbuUDx4BGEs6GiGjM.VMVuoT2t.UYp1akYZyN42If8P8OKLRM2FU.','Nguyễn Gia Zinh','ROLE_DOCTOR',1,'0902000020','https://res.cloudinary.com/dx4i4a03w/image/upload/v1767614792/restaurant/avatars/uvp1wsa1gsqmcmpnfcev.jpg',''),(34,'patient_anhthu','$2a$10$cbuUDx4BGEs6GiGjM.VMVuoT2t.UYp1akYZyN42If8P8OKLRM2FU.','Nguyen Anh Thu','ROLE_PATIENT',1,'0123456789','https://res.cloudinary.com/dx4i4a03w/image/upload/v1767614792/restaurant/avatars/uvp1wsa1gsqmcmpnfcev.jpg','thaihung.me05@gmail.com'),(35,'patient_minhkhoa','$2a$10$cbuUDx4BGEs6GiGjM.VMVuoT2t.UYp1akYZyN42If8P8OKLRM2FU.','Trần Minh Khoa','ROLE_PATIENT',1,'0912000004','https://res.cloudinary.com/dx4i4a03w/image/upload/v1767614792/restaurant/avatars/uvp1wsa1gsqmcmpnfcev.jpg',''),(36,'patient_thaovy','$2a$10$cbuUDx4BGEs6GiGjM.VMVuoT2t.UYp1akYZyN42If8P8OKLRM2FU.','Lê Thảo Vy','ROLE_PATIENT',1,'0912000005','https://res.cloudinary.com/dx4i4a03w/image/upload/v1767614792/restaurant/avatars/uvp1wsa1gsqmcmpnfcev.jpg',''),(37,'patient_quocbao','$2a$10$cbuUDx4BGEs6GiGjM.VMVuoT2t.UYp1akYZyN42If8P8OKLRM2FU.','Phạm Quốc Bảo','ROLE_PATIENT',1,'0912000006','https://res.cloudinary.com/dx4i4a03w/image/upload/v1767614792/restaurant/avatars/uvp1wsa1gsqmcmpnfcev.jpg','thaihung.me05@gmail.com'),(38,'patient_tuyetmai','$2a$10$cbuUDx4BGEs6GiGjM.VMVuoT2t.UYp1akYZyN42If8P8OKLRM2FU.','Võ Tuyết Mai','ROLE_PATIENT',1,'0912000007','https://res.cloudinary.com/dx4i4a03w/image/upload/v1767614792/restaurant/avatars/uvp1wsa1gsqmcmpnfcev.jpg',''),(39,'patient_hoangson','$2a$10$cbuUDx4BGEs6GiGjM.VMVuoT2t.UYp1akYZyN42If8P8OKLRM2FU.','Đỗ Hoàng Sơn','ROLE_PATIENT',1,'0912000008','https://res.cloudinary.com/dx4i4a03w/image/upload/v1767614792/restaurant/avatars/uvp1wsa1gsqmcmpnfcev.jpg',''),(60,'vanlong','$2a$10$4FZ0sV3ryPZykjy3tjmi3OfDHBh7FtG0Fa62956sj59/oKP/zzEnq','Tất Văn Long','ROLE_PATIENT',1,'0123456789','https://res.cloudinary.com/dx4i4a03w/image/upload/v1780118479/frpk4yqqp6cjdjalotio.png','tatlong2506@gmail.com'),(64,'pha_hung','$2a$10$9tEU3nb1J.FhulrjmrXVVO2qL7D25hAwdW9g8LpkjaGko6Vo88/te','Hùng','ROLE_PHARMACIST',0,'0836293629','https://res.cloudinary.com/dx4i4a03w/image/upload/v1767614792/restaurant/avatars/uvp1wsa1gsqmcmpnfcev.jpg','thaihung.me05@gmail.com'),(66,'pha_hung1','$2a$10$IkzZgkCs4ylD7hqOhRRfI.W0nFYiv4T7xXHWvjilZbuVJFV0PX.IW','Hùng','ROLE_PHARMACIST',1,'0836293629','https://res.cloudinary.com/dx4i4a03w/image/upload/v1767614792/restaurant/avatars/uvp1wsa1gsqmcmpnfcev.jpg','thaihung.me05@gmail.com'),(68,'vanlong123','$2a$10$E0HF3dsDjMkmIcw3WCB6o.K/wbUEz45BRyPtCqbmO6/4rRV7x3Nci','Tất Văn Long','ROLE_PATIENT',1,'0819397018','https://res.cloudinary.com/dx4i4a03w/image/upload/v1767614792/restaurant/avatars/uvp1wsa1gsqmcmpnfcev.jpg','2351050097long@ou.edu.vn');
/*!40000 ALTER TABLE `users` ENABLE KEYS */;
UNLOCK TABLES;
/*!40103 SET TIME_ZONE=@OLD_TIME_ZONE */;

/*!40101 SET SQL_MODE=@OLD_SQL_MODE */;
/*!40014 SET FOREIGN_KEY_CHECKS=@OLD_FOREIGN_KEY_CHECKS */;
/*!40014 SET UNIQUE_CHECKS=@OLD_UNIQUE_CHECKS */;
/*!40101 SET CHARACTER_SET_CLIENT=@OLD_CHARACTER_SET_CLIENT */;
/*!40101 SET CHARACTER_SET_RESULTS=@OLD_CHARACTER_SET_RESULTS */;
/*!40101 SET COLLATION_CONNECTION=@OLD_COLLATION_CONNECTION */;
/*!40111 SET SQL_NOTES=@OLD_SQL_NOTES */;

-- Dump completed on 2026-05-31 17:04:44
